Workbook

Sheet Roster
A1: employee_id | B1: first_name | C1: last_name | D1: email | E1: title | F1: level_code | G1: level_band | H1: practice_group | I1: sub_team | J1: office_city | K1: country | L1: region | M1: office_type | N1: work_model | O1: hire_date | P1: tenure_years | Q1: joined_after_relaunch | R1: manager_id | S1: manager_name | T1: dms_role | U1: cohort_key
A2: VL-1001 | B2: Simon | C2: Rasmussen | D2: simon.rasmussen@vandelay.example | E2: General Counsel | F2: L1 | G2: Lawyer - Leadership | H2: Office of the General Counsel | J2: New York | K2: United States | L2: Americas - US | M2: HQ | N2: Hybrid | O2: 39407 | P2: =ROUND((About!$B$3-O2)/365.25,1) -> 18.8 | Q2: =IF(O2>About!$B$4,"Yes","No") -> No | S2: =IF(R2="","",INDEX($B$2:$B$231,MATCH(R2,$A$2:$A$231,0))&" "&INDEX($C$2:$C$231,MATCH(R2,$A$2:$A$231,0))) | T2: Standard | U2: =H2&" | "&G2 -> Office of the General Counsel | Lawyer - Leadership
A3: VL-1216 | B3: Owen | C3: Whitfield | D3: owen.whitfield@vandelay.example | E3: Executive Assistant | F3: EA | G3: Executive Assistant | H3: Office of the General Counsel | I3: Executive Support | J3: New York | K3: United States | L3: Americas - US | M3: HQ | N3: Office | O3: 45836 | P3: =ROUND((About!$B$3-O3)/365.25,1) -> 1.2 | Q3: =IF(O3>About!$B$4,"Yes","No") -> Yes | R3: VL-1001 | S3: =IF(R3="","",INDEX($B$2:$B$231,MATCH(R3,$A$2:$A$231,0))&" "&INDEX($C$2:$C$231,MATCH(R3,$A$2:$A$231,0))) -> Simon Rasmussen | T3: Standard | U3: =H3&" | "&G3 -> Office of the General Counsel | Executive Assistant
A4: VL-1217 | B4: Ruth | C4: Osman | D4: ruth.osman@vandelay.example | E4: Executive Assistant | F4: EA | G4: Executive Assistant | H4: Office of the General Counsel | I4: Executive Support | J4: New York | K4: United States | L4: Americas - US | M4: HQ | N4: Hybrid | O4: 43226 | P4: =ROUND((About!$B$3-O4)/365.25,1) -> 8.3 | Q4: =IF(O4>About!$B$4,"Yes","No") -> No | R4: VL-1001 | S4: =IF(R4="","",INDEX($B$2:$B$231,MATCH(R4,$A$2:$A$231,0))&" "&INDEX($C$2:$C$231,MATCH(R4,$A$2:$A$231,0))) -> Simon Rasmussen | T4: Standard | U4: =H4&" | "&G4 -> Office of the General Counsel | Executive Assistant
A5: VL-1002 | B5: Aisha | C5: Villanueva | D5: aisha.villanueva@vandelay.example | E5: Deputy General Counsel, Commercial & Transactions | F5: L2 | G5: Lawyer - Leadership | H5: Commercial & Transactions | J5: New York | K5: United States | L5: Americas - US | M5: HQ | N5: Hybrid | O5: 39235 | P5: =ROUND((About!$B$3-O5)/365.25,1) -> 19.3 | Q5: =IF(O5>About!$B$4,"Yes","No") -> No | R5: VL-1001 | S5: =IF(R5="","",INDEX($B$2:$B$231,MATCH(R5,$A$2:$A$231,0))&" "&INDEX($C$2:$C$231,MATCH(R5,$A$2:$A$231,0))) -> Simon Rasmussen | T5: Standard | U5: =H5&" | "&G5 -> Commercial & Transactions | Lawyer - Leadership
A6: VL-1010 | B6: Solveig | C6: Ramanathan | D6: solveig.ramanathan@vandelay.example | E6: Attorney | F6: L5 | G6: Lawyer - Junior | H6: Commercial & Transactions | J6: London | K6: United Kingdom | L6: EMEA | M6: International office | N6: Hybrid | O6: 43467 | P6: =ROUND((About!$B$3-O6)/365.25,1) -> 7.7 | Q6: =IF(O6>About!$B$4,"Yes","No") -> No | R6: VL-1002 | S6: =IF(R6="","",INDEX($B$2:$B$231,MATCH(R6,$A$2:$A$231,0))&" "&INDEX($C$2:$C$231,MATCH(R6,$A$2:$A$231,0))) -> Aisha Villanueva | T6: Standard | U6: =H6&" | "&G6 -> Commercial & Transactions | Lawyer - Junior
A7: VL-1011 | B7: George | C7: Byrne | D7: george.byrne@vandelay.example | E7: Attorney | F7: L5 | G7: Lawyer - Junior | H7: Commercial & Transactions | J7: London | K7: United Kingdom | L7: EMEA | M7: International office | N7: Office | O7: 46024 | P7: =ROUND((About!$B$3-O7)/365.25,1) -> 0.7 | Q7: =IF(O7>About!$B$4,"Yes","No") -> Yes | R7: VL-1002 | S7: =IF(R7="","",INDEX($B$2:$B$231,MATCH(R7,$A$2:$A$231,0))&" "&INDEX($C$2:$C$231,MATCH(R7,$A$2:$A$231,0))) -> Aisha Villanueva | T7: Standard | U7: =H7&" | "&G7 -> Commercial & Transactions | Lawyer - Junior
A8: VL-1012 | B8: Zainab | C8: Rasmussen | D8: zainab.rasmussen@vandelay.example | E8: Counsel | F8: L4 | G8: Lawyer - Mid | H8: Commercial & Transactions | J8: Singapore | K8: Singapore | L8: APAC | M8: International office | N8: Hybrid | O8: 37915 | P8: =ROUND((About!$B$3-O8)/365.25,1) -> 22.9 | Q8: =IF(O8>About!$B$4,"Yes","No") -> No | R8: VL-1002 | S8: =IF(R8="","",INDEX($B$2:$B$231,MATCH(R8,$A$2:$A$231,0))&" "&INDEX($C$2:$C$231,MATCH(R8,$A$2:$A$231,0))) -> Aisha Villanueva | T8: Standard | U8: =H8&" | "&G8 -> Commercial & Transactions | Lawyer - Mid
A9: VL-1013 | B9: Rohan | C9: Okafor | D9: rohan.okafor@vandelay.example | E9: Attorney | F9: L5 | G9: Lawyer - Junior | H9: Commercial & Transactions | J9: London | K9: United Kingdom | L9: EMEA | M9: International office | N9: Hybrid | O9: 42366 | P9: =ROUND((About!$B$3-O9)/365.25,1) -> 10.7 | Q9: =IF(O9>About!$B$4,"Yes","No") -> No | R9: VL-1002 | S9: =IF(R9="","",INDEX($B$2:$B$231,MATCH(R9,$A$2:$A$231,0))&" "&INDEX($C$2:$C$231,MATCH(R9,$A$2:$A$231,0))) -> Aisha Villanueva | T9: Standard | U9: =H9&" | "&G9 -> Commercial & Transactions | Lawyer - Junior
A10: VL-1014 | B10: Hao | C10: Krishnan | D10: hao.krishnan@vandelay.example | E10: Counsel | F10: L4 | G10: Lawyer - Mid | H10: Commercial & Transactions | J10: Singapore | K10: Singapore | L10: APAC | M10: International office | N10: Hybrid | O10: 43621 | P10: =ROUND((About!$B$3-O10)/365.25,1) -> 7.3 | Q10: =IF(O10>About!$B$4,"Yes","No") -> No | R10: VL-1002 | S10: =IF(R10="","",INDEX($B$2:$B$231,MATCH(R10,$A$2:$A$231,0))&" "&INDEX($C$2:$C$231,MATCH(R10,$A$2:$A$231,0))) -> Aisha Villanueva | T10: Standard | U10: =H10&" | "&G10 -> Commercial & Transactions | Lawyer - Mid
A11: VL-1015 | B11: Bram | C11: Contreras | D11: bram.contreras@vandelay.example | E11: Counsel | F11: L4 | G11: Lawyer - Mid | H11: Commercial & Transactions | J11: Atlanta | K11: United States | L11: Americas - US | M11: Regional office | N11: Hybrid | O11: 44187 | P11: =ROUND((About!$B$3-O11)/365.25,1) -> 5.7 | Q11: =IF(O11>About!$B$4,"Yes","No") -> No | R11: VL-1002 | S11: =IF(R11="","",INDEX($B$2:$B$231,MATCH(R11,$A$2:$A$231,0))&" "&INDEX($C$2:$C$231,MATCH(R11,$A$2:$A$231,0))) -> Aisha Villanueva | T11: Standard | U11: =H11&" | "&G11 -> Commercial & Transactions | Lawyer - Mid
A12: VL-1016 | B12: Daniel | C12: Fontaine | D12: daniel.fontaine@vandelay.example | E12: Counsel | F12: L4 | G12: Lawyer - Mid | H12: Commercial & Transactions | J12: Houston | K12: United States | L12: Americas - US | M12: Regional office | N12: Hybrid | O12: 45996 | P12: =ROUND((About!$B$3-O12)/365.25,1) -> 0.8 | Q12: =IF(O12>About!$B$4,"Yes","No") -> Yes | R12: VL-1002 | S12: =IF(R12="","",INDEX($B$2:$B$231,MATCH(R12,$A$2:$A$231,0))&" "&INDEX($C$2:$C$231,MATCH(R12,$A$2:$A$231,0))) -> Aisha Villanueva | T12: Standard | U12: =H12&" | "&G12 -> Commercial & Transactions | Lawyer - Mid
A13: VL-1017 | B13: Lorenzo | C13: Alvarado | D13: lorenzo.alvarado@vandelay.example | E13: Counsel | F13: L4 | G13: Lawyer - Mid | H13: Commercial & Transactions | J13: New York | K13: United States | L13: Americas - US | M13: HQ | N13: Office | O13: 43382 | P13: =ROUND((About!$B$3-O13)/365.25,1) -> 7.9 | Q13: =IF(O13>About!$B$4,"Yes","No") -> No | R13: VL-1002 | S13: =IF(R13="","",INDEX($B$2:$B$231,MATCH(R13,$A$2:$A$231,0))&" "&INDEX($C$2:$C$231,MATCH(R13,$A$2:$A$231,0))) -> Aisha Villanueva | T13: Standard | U13: =H13&" | "&G13 -> Commercial & Transactions | Lawyer - Mid
A14: VL-1018 | B14: Devin | C14: Okoro | D14: devin.okoro@vandelay.example | E14: Attorney | F14: L5 | G14: Lawyer - Junior | H14: Commercial & Transactions | J14: New York | K14: United States | L14: Americas - US | M14: HQ | N14: Office | O14: 39388 | P14: =ROUND((About!$B$3-O14)/365.25,1) -> 18.9 | Q14: =IF(O14>About!$B$4,"Yes","No") -> No | R14: VL-1002 | S14: =IF(R14="","",INDEX($B$2:$B$231,MATCH(R14,$A$2:$A$231,0))&" "&INDEX($C$2:$C$231,MATCH(R14,$A$2:$A$231,0))) -> Aisha Villanueva | T14: Standard | U14: =H14&" | "&G14 -> Commercial & Transactions | Lawyer - Junior
A15: VL-1019 | B15: Miles | C15: Castillo | D15: miles.castillo@vandelay.example | E15: Counsel | F15: L4 | G15: Lawyer - Mid | H15: Commercial & Transactions | J15: New York | K15: United States | L15: Americas - US | M15: HQ | N15: Office | O15: 42079 | P15: =ROUND((About!$B$3-O15)/365.25,1) -> 11.5 | Q15: =IF(O15>About!$B$4,"Yes","No") -> No | R15: VL-1002 | S15: =IF(R15="","",INDEX($B$2:$B$231,MATCH(R15,$A$2:$A$231,0))&" "&INDEX($C$2:$C$231,MATCH(R15,$A$2:$A$231,0))) -> Aisha Villanueva | T15: Standard | U15: =H15&" | "&G15 -> Commercial & Transactions | Lawyer - Mid
A16: VL-1020 | B16: Miles | C16: Wentworth | D16: miles.wentworth@vandelay.example | E16: Attorney | F16: L5 | G16: Lawyer - Junior | H16: Commercial & Transactions | J16: Chicago | K16: United States | L16: Americas - US | M16: Regional office | N16: Hybrid | O16: 46096 | P16: =ROUND((About!$B$3-O16)/365.25,1) -> 0.5 | Q16: =IF(O16>About!$B$4,"Yes","No") -> Yes | R16: VL-1002 | S16: =IF(R16="","",INDEX($B$2:$B$231,MATCH(R16,$A$2:$A$231,0))&" "&INDEX($C$2:$C$231,MATCH(R16,$A$2:$A$231,0))) -> Aisha Villanueva | T16: Standard | U16: =H16&" | "&G16 -> Commercial & Transactions | Lawyer - Junior
... A36: VL-1040 | B36: Cormac | C36: Abubakar | D36: cormac.abubakar@vandelay.example | E36: Attorney | F36: L5 | G36: Lawyer - Junior | H36: Commercial & Transactions | J36: New York | K36: United States | L36: Americas - US | M36: HQ | N36: Hybrid | O36: 38780 | P36: =ROUND((About!$B$3-O36)/365.25,1) -> 20.5 | Q36: =IF(O36>About!$B$4,"Yes","No") -> No | R36: VL-1002 | S36: =IF(R36="","",INDEX($B$2:$B$231,MATCH(R36,$A$2:$A$231,0))&" "&INDEX($C$2:$C$231,MATCH(R36,$A$2:$A$231,0))) -> Aisha Villanueva | T36: Standard | U36: =H36&" | "&G36 -> Commercial & Transactions | Lawyer - Junior
A37: VL-1150 | B37: Yara | C37: Oduya | D37: yara.oduya@vandelay.example | E37: Paralegal | F37: P2 | G37: Paraprofessional | H37: Commercial & Transactions | I37: Paralegals | J37: New York | K37: United States | L37: Americas - US | M37: HQ | N37: Hybrid | O37: 45192 | P37: =ROUND((About!$B$3-O37)/365.25,1) -> 3 | Q37: =IF(O37>About!$B$4,"Yes","No") -> No | R37: VL-1136 | S37: =IF(R37="","",INDEX($B$2:$B$231,MATCH(R37,$A$2:$A$231,0))&" "&INDEX($C$2:$C$231,MATCH(R37,$A$2:$A$231,0))) -> Ada Paredes | T37: Standard | U37: =H37&" | "&G37 -> Commercial & Transactions | Paraprofessional
A38: VL-1151 | B38: Kavya | C38: Sinclair | D38: kavya.sinclair@vandelay.example | E38: Paralegal | F38: P2 | G38: Paraprofessional | H38: Commercial & Transactions | I38: Paralegals | J38: Washington, DC | K38: United States | L38: Americas - US | M38: Regional office | N38: Office | O38: 40963 | P38: =ROUND((About!$B$3-O38)/365.25,1) -> 14.5 | Q38: =IF(O38>About!$B$4,"Yes","No") -> No | R38: VL-1136 | S38: =IF(R38="","",INDEX($B$2:$B$231,MATCH(R38,$A$2:$A$231,0))&" "&INDEX($C$2:$C$231,MATCH(R38,$A$2:$A$231,0))) -> Ada Paredes | T38: Standard | U38: =H38&" | "&G38 -> Commercial & Transactions | Paraprofessional
A39: VL-1152 | B39: Ingrid | C39: Larsson | D39: ingrid.larsson@vandelay.example | E39: Paralegal | F39: P2 | G39: Paraprofessional | H39: Commercial & Transactions | I39: Paralegals | J39: Chicago | K39: United States | L39: Americas - US | M39: Regional office | N39: Hybrid | O39: 43237 | P39: =ROUND((About!$B$3-O39)/365.25,1) -> 8.3 | Q39: =IF(O39>About!$B$4,"Yes","No") -> No | R39: VL-1136 | S39: =IF(R39="","",INDEX($B$2:$B$231,MATCH(R39,$A$2:$A$231,0))&" "&INDEX($C$2:$C$231,MATCH(R39,$A$2:$A$231,0))) -> Ada Paredes | T39: Standard | U39: =H39&" | "&G39 -> Commercial & Transactions | Paraprofessional
A40: VL-1153 | B40: Maya | C40: Adler | D40: maya.adler@vandelay.example | E40: Paralegal | F40: P2 | G40: Paraprofessional | H40: Commercial & Transactions | I40: Paralegals | J40: Chicago | K40: United States | L40: Americas - US | M40: Regional office | N40: Hybrid | O40: 46018 | P40: =ROUND((About!$B$3-O40)/365.25,1) -> 0.7 | Q40: =IF(O40>About!$B$4,"Yes","No") -> Yes | R40: VL-1136 | S40: =IF(R40="","",INDEX($B$2:$B$231,MATCH(R40,$A$2:$A$231,0))&" "&INDEX($C$2:$C$231,MATCH(R40,$A$2:$A$231,0))) -> Ada Paredes | T40: Standard | U40: =H40&" | "&G40 -> Commercial & Transactions | Paraprofessional
A41: VL-1154 | B41: Declan | C41: Hargreaves | D41: declan.hargreaves@vandelay.example | E41: Paralegal | F41: P2 | G41: Paraprofessional | H41: Commercial & Transactions | I41: Paralegals | J41: London | K41: United Kingdom | L41: EMEA | M41: International office | N41: Hybrid | O41: 41726 | P41: =ROUND((About!$B$3-O41)/365.25,1) -> 12.5 | Q41: =IF(O41>About!$B$4,"Yes","No") -> No | R41: VL-1136 | S41: =IF(R41="","",INDEX($B$2:$B$231,MATCH(R41,$A$2:$A$231,0))&" "&INDEX($C$2:$C$231,MATCH(R41,$A$2:$A$231,0))) -> Ada Paredes | T41: Standard | U41: =H41&" | "&G41 -> Commercial & Transactions | Paraprofessional
A42: VL-1164 | B42: Daniel | C42: Ellison | D42: daniel.ellison@vandelay.example | E42: Contracts Manager | F42: P1 | G42: Paraprofessional - Lead | H42: Commercial & Transactions | I42: Contracts | J42: New York | K42: United States | L42: Americas - US | M42: HQ | N42: Hybrid | O42: 43046 | P42: =ROUND((About!$B$3-O42)/365.25,1) -> 8.8 | Q42: =IF(O42>About!$B$4,"Yes","No") -> No | R42: VL-1002 | S42: =IF(R42="","",INDEX($B$2:$B$231,MATCH(R42,$A$2:$A$231,0))&" "&INDEX($C$2:$C$231,MATCH(R42,$A$2:$A$231,0))) -> Aisha Villanueva | T42: Standard | U42: =H42&" | "&G42 -> Commercial & Transactions | Paraprofessional - Lead
A43: VL-1165 | B43: Marcus | C43: Navarro | D43: marcus.navarro@vandelay.example | E43: Senior Contract Analyst | F43: P2 | G43: Paraprofessional | H43: Commercial & Transactions | I43: Contracts | J43: New York | K43: United States | L43: Americas - US | M43: HQ | N43: Office | O43: 43760 | P43: =ROUND((About!$B$3-O43)/365.25,1) -> 6.9 | Q43: =IF(O43>About!$B$4,"Yes","No") -> No | R43: VL-1164 | S43: =IF(R43="","",INDEX($B$2:$B$231,MATCH(R43,$A$2:$A$231,0))&" "&INDEX($C$2:$C$231,MATCH(R43,$A$2:$A$231,0))) -> Daniel Ellison | T43: Standard | U43: =H43&" | "&G43 -> Commercial & Transactions | Paraprofessional
A44: VL-1166 | B44: Mei | C44: Rasmussen | D44: mei.rasmussen@vandelay.example | E44: Senior Contract Analyst | F44: P2 | G44: Paraprofessional | H44: Commercial & Transactions | I44: Contracts | J44: Atlanta | K44: United States | L44: Americas - US | M44: Regional office | N44: Hybrid | O44: 41605 | P44: =ROUND((About!$B$3-O44)/365.25,1) -> 12.8 | Q44: =IF(O44>About!$B$4,"Yes","No") -> No | R44: VL-1164 | S44: =IF(R44="","",INDEX($B$2:$B$231,MATCH(R44,$A$2:$A$231,0))&" "&INDEX($C$2:$C$231,MATCH(R44,$A$2:$A$231,0))) -> Daniel Ellison | T44: Standard | U44: =H44&" | "&G44 -> Commercial & Transactions | Paraprofessional
A45: VL-1167 | B45: Leo | C45: Mbeki | D45: leo.mbeki@vandelay.example | E45: Senior Contract Analyst | F45: P2 | G45: Paraprofessional | H45: Commercial & Transactions | I45: Contracts | J45: Chicago | K45: United States | L45: Americas - US | M45: Regional office | N45: Remote | O45: 45673 | P45: =ROUND((About!$B$3-O45)/365.25,1) -> 1.6 | Q45: =IF(O45>About!$B$4,"Yes","No") -> Yes | R45: VL-1164 | S45: =IF(R45="","",INDEX($B$2:$B$231,MATCH(R45,$A$2:$A$231,0))&" "&INDEX($C$2:$C$231,MATCH(R45,$A$2:$A$231,0))) -> Daniel Ellison | T45: Standard | U45: =H45&" | "&G45 -> Commercial & Transactions | Paraprofessional
A46: VL-1168 | B46: Benedict | C46: Fairbanks | D46: benedict.fairbanks@vandelay.example | E46: Senior Contract Analyst | F46: P2 | G46: Paraprofessional | H46: Commercial & Transactions | I46: Contracts | J46: New York | K46: United States | L46: Americas - US | M46: HQ | N46: Hybrid | O46: 44537 | P46: =ROUND((About!$B$3-O46)/365.25,1) -> 4.8 | Q46: =IF(O46>About!$B$4,"Yes","No") -> No | R46: VL-1164 | S46: =IF(R46="","",INDEX($B$2:$B$231,MATCH(R46,$A$2:$A$231,0))&" "&INDEX($C$2:$C$231,MATCH(R46,$A$2:$A$231,0))) -> Daniel Ellison | T46: Standard | U46: =H46&" | "&G46 -> Commercial & Transactions | Paraprofessional
A47: VL-1169 | B47: Marcel | C47: Obi | D47: marcel.obi@vandelay.example | E47: Contract Analyst | F47: P2 | G47: Paraprofessional | H47: Commercial & Transactions | I47: Contracts | J47: New York | K47: United States | L47: Americas - US | M47: HQ | N47: Office | O47: 44766 | P47: =ROUND((About!$B$3-O47)/365.25,1) -> 4.1 | Q47: =IF(O47>About!$B$4,"Yes","No") -> No | R47: VL-1164 | S47: =IF(R47="","",INDEX($B$2:$B$231,MATCH(R47,$A$2:$A$231,0))&" "&INDEX($C$2:$C$231,MATCH(R47,$A$2:$A$231,0))) -> Daniel Ellison | T47: Standard | U47: =H47&" | "&G47 -> Commercial & Transactions | Paraprofessional
A48: VL-1170 | B48: Kenji | C48: Achebe | D48: kenji.achebe@vandelay.example | E48: Contract Analyst | F48: P2 | G48: Paraprofessional | H48: Commercial & Transactions | I48: Contracts | J48: New York | K48: United States | L48: Americas - US | M48: HQ | N48: Hybrid | O48: 45183 | P48: =ROUND((About!$B$3-O48)/365.25,1) -> 3 | Q48: =IF(O48>About!$B$4,"Yes","No") -> No | R48: VL-1164 | S48: =IF(R48="","",INDEX($B$2:$B$231,MATCH(R48,$A$2:$A$231,0))&" "&INDEX($C$2:$C$231,MATCH(R48,$A$2:$A$231,0))) -> Daniel Ellison | T48: Standard | U48: =H48&" | "&G48 -> Commercial & Transactions | Paraprofessional
... A57: VL-1230 | B57: Daniel | C57: Carvalho | D57: daniel.carvalho@vandelay.example | E57: Executive Assistant | F57: EA | G57: Executive Assistant | H57: Commercial & Transactions | I57: Executive Support | J57: New York | K57: United States | L57: Americas - US | M57: HQ | N57: Hybrid | O57: 42820 | P57: =ROUND((About!$B$3-O57)/365.25,1) -> 9.5 | Q57: =IF(O57>About!$B$4,"Yes","No") -> No | R57: VL-1002 | S57: =IF(R57="","",INDEX($B$2:$B$231,MATCH(R57,$A$2:$A$231,0))&" "&INDEX($C$2:$C$231,MATCH(R57,$A$2:$A$231,0))) -> Aisha Villanueva | T57: Standard | U57: =H57&" | "&G57 -> Commercial & Transactions | Executive Assistant
A58: VL-1003 | B58: Ines | C58: Duarte | D58: ines.duarte@vandelay.example | E58: Deputy General Counsel, Litigation & Disputes | F58: L2 | G58: Lawyer - Leadership | H58: Litigation & Disputes | J58: New York | K58: United States | L58: Americas - US | M58: HQ | N58: Office | O58: 41039 | P58: =ROUND((About!$B$3-O58)/365.25,1) -> 14.3 | Q58: =IF(O58>About!$B$4,"Yes","No") -> No | R58: VL-1001 | S58: =IF(R58="","",INDEX($B$2:$B$231,MATCH(R58,$A$2:$A$231,0))&" "&INDEX($C$2:$C$231,MATCH(R58,$A$2:$A$231,0))) -> Simon Rasmussen | T58: Standard | U58: =H58&" | "&G58 -> Litigation & Disputes | Lawyer - Leadership
A59: VL-1041 | B59: Reuben | C59: Okonkwo | D59: reuben.okonkwo@vandelay.example | E59: Attorney | F59: L5 | G59: Lawyer - Junior | H59: Litigation & Disputes | J59: New York | K59: United States | L59: Americas - US | M59: HQ | N59: Hybrid | O59: 45810 | P59: =ROUND((About!$B$3-O59)/365.25,1) -> 1.3 | Q59: =IF(O59>About!$B$4,"Yes","No") -> Yes | R59: VL-1003 | S59: =IF(R59="","",INDEX($B$2:$B$231,MATCH(R59,$A$2:$A$231,0))&" "&INDEX($C$2:$C$231,MATCH(R59,$A$2:$A$231,0))) -> Ines Duarte | T59: Standard | U59: =H59&" | "&G59 -> Litigation & Disputes | Lawyer - Junior
A60: VL-1042 | B60: Ezra | C60: Molnar | D60: ezra.molnar@vandelay.example | E60: Counsel | F60: L4 | G60: Lawyer - Mid | H60: Litigation & Disputes | J60: New York | K60: United States | L60: Americas - US | M60: HQ | N60: Office | O60: 43493 | P60: =ROUND((About!$B$3-O60)/365.25,1) -> 7.6 | Q60: =IF(O60>About!$B$4,"Yes","No") -> No | R60: VL-1003 | S60: =IF(R60="","",INDEX($B$2:$B$231,MATCH(R60,$A$2:$A$231,0))&" "&INDEX($C$2:$C$231,MATCH(R60,$A$2:$A$231,0))) -> Ines Duarte | T60: Standard | U60: =H60&" | "&G60 -> Litigation & Disputes | Lawyer - Mid
A61: VL-1043 | B61: Idris | C61: Kessler | D61: idris.kessler@vandelay.example | E61: Senior Counsel | F61: L3 | G61: Lawyer - Senior | H61: Litigation & Disputes | J61: New York | K61: United States | L61: Americas - US | M61: HQ | N61: Remote | O61: 40513 | P61: =ROUND((About!$B$3-O61)/365.25,1) -> 15.8 | Q61: =IF(O61>About!$B$4,"Yes","No") -> No | R61: VL-1003 | S61: =IF(R61="","",INDEX($B$2:$B$231,MATCH(R61,$A$2:$A$231,0))&" "&INDEX($C$2:$C$231,MATCH(R61,$A$2:$A$231,0))) -> Ines Duarte | T61: Standard | U61: =H61&" | "&G61 -> Litigation & Disputes | Lawyer - Senior
A62: VL-1044 | B62: Imani | C62: Ndlovu | D62: imani.ndlovu@vandelay.example | E62: Counsel | F62: L4 | G62: Lawyer - Mid | H62: Litigation & Disputes | J62: New York | K62: United States | L62: Americas - US | M62: HQ | N62: Hybrid | O62: 43976 | P62: =ROUND((About!$B$3-O62)/365.25,1) -> 6.3 | Q62: =IF(O62>About!$B$4,"Yes","No") -> No | R62: VL-1003 | S62: =IF(R62="","",INDEX($B$2:$B$231,MATCH(R62,$A$2:$A$231,0))&" "&INDEX($C$2:$C$231,MATCH(R62,$A$2:$A$231,0))) -> Ines Duarte | T62: Standard | U62: =H62&" | "&G62 -> Litigation & Disputes | Lawyer - Mid
A63: VL-1045 | B63: Renata | C63: Beaumont | D63: renata.beaumont@vandelay.example | E63: Senior Counsel | F63: L3 | G63: Lawyer - Senior | H63: Litigation & Disputes | J63: Houston | K63: United States | L63: Americas - US | M63: Regional office | N63: Office | O63: 43711 | P63: =ROUND((About!$B$3-O63)/365.25,1) -> 7 | Q63: =IF(O63>About!$B$4,"Yes","No") -> No | R63: VL-1003 | S63: =IF(R63="","",INDEX($B$2:$B$231,MATCH(R63,$A$2:$A$231,0))&" "&INDEX($C$2:$C$231,MATCH(R63,$A$2:$A$231,0))) -> Ines Duarte | T63: Standard | U63: =H63&" | "&G63 -> Litigation & Disputes | Lawyer - Senior
A64: VL-1046 | B64: Renata | C64: Aguilar | D64: renata.aguilar@vandelay.example | E64: Attorney | F64: L5 | G64: Lawyer - Junior | H64: Litigation & Disputes | J64: Chicago | K64: United States | L64: Americas - US | M64: Regional office | N64: Remote | O64: 45571 | P64: =ROUND((About!$B$3-O64)/365.25,1) -> 1.9 | Q64: =IF(O64>About!$B$4,"Yes","No") -> Yes | R64: VL-1003 | S64: =IF(R64="","",INDEX($B$2:$B$231,MATCH(R64,$A$2:$A$231,0))&" "&INDEX($C$2:$C$231,MATCH(R64,$A$2:$A$231,0))) -> Ines Duarte | T64: Standard | U64: =H64&" | "&G64 -> Litigation & Disputes | Lawyer - Junior
A65: VL-1047 | B65: Caleb | C65: Espinoza | D65: caleb.espinoza@vandelay.example | E65: Counsel | F65: L4 | G65: Lawyer - Mid | H65: Litigation & Disputes | J65: New York | K65: United States | L65: Americas - US | M65: HQ | N65: Office | O65: 45854 | P65: =ROUND((About!$B$3-O65)/365.25,1) -> 1.1 | Q65: =IF(O65>About!$B$4,"Yes","No") -> Yes | R65: VL-1003 | S65: =IF(R65="","",INDEX($B$2:$B$231,MATCH(R65,$A$2:$A$231,0))&" "&INDEX($C$2:$C$231,MATCH(R65,$A$2:$A$231,0))) -> Ines Duarte | T65: Standard | U65: =H65&" | "&G65 -> Litigation & Disputes | Lawyer - Mid
A66: VL-1048 | B66: Emmett | C66: Gallagher | D66: emmett.gallagher@vandelay.example | E66: Counsel | F66: L4 | G66: Lawyer - Mid | H66: Litigation & Disputes | J66: New York | K66: United States | L66: Americas - US | M66: HQ | N66: Office | O66: 43613 | P66: =ROUND((About!$B$3-O66)/365.25,1) -> 7.3 | Q66: =IF(O66>About!$B$4,"Yes","No") -> No | R66: VL-1003 | S66: =IF(R66="","",INDEX($B$2:$B$231,MATCH(R66,$A$2:$A$231,0))&" "&INDEX($C$2:$C$231,MATCH(R66,$A$2:$A$231,0))) -> Ines Duarte | T66: Standard | U66: =H66&" | "&G66 -> Litigation & Disputes | Lawyer - Mid
A67: VL-1049 | B67: Sienna | C67: Mensah | D67: sienna.mensah@vandelay.example | E67: Counsel | F67: L4 | G67: Lawyer - Mid | H67: Litigation & Disputes | J67: New York | K67: United States | L67: Americas - US | M67: HQ | N67: Office | O67: 45316 | P67: =ROUND((About!$B$3-O67)/365.25,1) -> 2.6 | Q67: =IF(O67>About!$B$4,"Yes","No") -> No | R67: VL-1003 | S67: =IF(R67="","",INDEX($B$2:$B$231,MATCH(R67,$A$2:$A$231,0))&" "&INDEX($C$2:$C$231,MATCH(R67,$A$2:$A$231,0))) -> Ines Duarte | T67: Standard | U67: =H67&" | "&G67 -> Litigation & Disputes | Lawyer - Mid
A68: VL-1050 | B68: Omar | C68: Salazar | D68: omar.salazar@vandelay.example | E68: Senior Counsel | F68: L3 | G68: Lawyer - Senior | H68: Litigation & Disputes | J68: New York | K68: United States | L68: Americas - US | M68: HQ | N68: Hybrid | O68: 45174 | P68: =ROUND((About!$B$3-O68)/365.25,1) -> 3 | Q68: =IF(O68>About!$B$4,"Yes","No") -> No | R68: VL-1003 | S68: =IF(R68="","",INDEX($B$2:$B$231,MATCH(R68,$A$2:$A$231,0))&" "&INDEX($C$2:$C$231,MATCH(R68,$A$2:$A$231,0))) -> Ines Duarte | T68: Standard | U68: =H68&" | "&G68 -> Litigation & Disputes | Lawyer - Senior
A69: VL-1051 | B69: Iris | C69: Aguilar | D69: iris.aguilar@vandelay.example | E69: Counsel | F69: L4 | G69: Lawyer - Mid | H69: Litigation & Disputes | J69: San Francisco | K69: United States | L69: Americas - US | M69: Regional office | N69: Remote | O69: 43285 | P69: =ROUND((About!$B$3-O69)/365.25,1) -> 8.2 | Q69: =IF(O69>About!$B$4,"Yes","No") -> No | R69: VL-1003 | S69: =IF(R69="","",INDEX($B$2:$B$231,MATCH(R69,$A$2:$A$231,0))&" "&INDEX($C$2:$C$231,MATCH(R69,$A$2:$A$231,0))) -> Ines Duarte | T69: Standard | U69: =H69&" | "&G69 -> Litigation & Disputes | Lawyer - Mid
... A83: VL-1065 | B83: Ezra | C83: Kessler | D83: ezra.kessler@vandelay.example | E83: Attorney | F83: L5 | G83: Lawyer - Junior | H83: Litigation & Disputes | J83: Houston | K83: United States | L83: Americas - US | M83: Regional office | N83: Hybrid | O83: 46075 | P83: =ROUND((About!$B$3-O83)/365.25,1) -> 0.5 | Q83: =IF(O83>About!$B$4,"Yes","No") -> Yes | R83: VL-1003 | S83: =IF(R83="","",INDEX($B$2:$B$231,MATCH(R83,$A$2:$A$231,0))&" "&INDEX($C$2:$C$231,MATCH(R83,$A$2:$A$231,0))) -> Ines Duarte | T83: Standard | U83: =H83&" | "&G83 -> Litigation & Disputes | Lawyer - Junior
A84: VL-1136 | B84: Ada | C84: Paredes | D84: ada.paredes@vandelay.example | E84: Paralegal Manager | F84: P1 | G84: Paraprofessional - Lead | H84: Litigation & Disputes | I84: Paralegals | J84: New York | K84: United States | L84: Americas - US | M84: HQ | N84: Hybrid | O84: 39806 | P84: =ROUND((About!$B$3-O84)/365.25,1) -> 17.7 | Q84: =IF(O84>About!$B$4,"Yes","No") -> No | R84: VL-1003 | S84: =IF(R84="","",INDEX($B$2:$B$231,MATCH(R84,$A$2:$A$231,0))&" "&INDEX($C$2:$C$231,MATCH(R84,$A$2:$A$231,0))) -> Ines Duarte | T84: Standard | U84: =H84&" | "&G84 -> Litigation & Disputes | Paraprofessional - Lead
A85: VL-1137 | B85: Theo | C85: Mireille | D85: theo.mireille@vandelay.example | E85: Senior Paralegal | F85: P2 | G85: Paraprofessional | H85: Litigation & Disputes | I85: Paralegals | J85: New York | K85: United States | L85: Americas - US | M85: HQ | N85: Remote | O85: 46013 | P85: =ROUND((About!$B$3-O85)/365.25,1) -> 0.7 | Q85: =IF(O85>About!$B$4,"Yes","No") -> Yes | R85: VL-1136 | S85: =IF(R85="","",INDEX($B$2:$B$231,MATCH(R85,$A$2:$A$231,0))&" "&INDEX($C$2:$C$231,MATCH(R85,$A$2:$A$231,0))) -> Ada Paredes | T85: Standard | U85: =H85&" | "&G85 -> Litigation & Disputes | Paraprofessional
A86: VL-1138 | B86: Mei | C86: Nwosu | D86: mei.nwosu@vandelay.example | E86: Senior Paralegal | F86: P2 | G86: Paraprofessional | H86: Litigation & Disputes | I86: Paralegals | J86: Chicago | K86: United States | L86: Americas - US | M86: Regional office | N86: Office | O86: 46138 | P86: =ROUND((About!$B$3-O86)/365.25,1) -> 0.4 | Q86: =IF(O86>About!$B$4,"Yes","No") -> Yes | R86: VL-1136 | S86: =IF(R86="","",INDEX($B$2:$B$231,MATCH(R86,$A$2:$A$231,0))&" "&INDEX($C$2:$C$231,MATCH(R86,$A$2:$A$231,0))) -> Ada Paredes | T86: Standard | U86: =H86&" | "&G86 -> Litigation & Disputes | Paraprofessional
A87: VL-1139 | B87: Lorenzo | C87: Nwosu | D87: lorenzo.nwosu@vandelay.example | E87: Senior Paralegal | F87: P2 | G87: Paraprofessional | H87: Litigation & Disputes | I87: Paralegals | J87: New York | K87: United States | L87: Americas - US | M87: HQ | N87: Hybrid | O87: 42358 | P87: =ROUND((About!$B$3-O87)/365.25,1) -> 10.7 | Q87: =IF(O87>About!$B$4,"Yes","No") -> No | R87: VL-1136 | S87: =IF(R87="","",INDEX($B$2:$B$231,MATCH(R87,$A$2:$A$231,0))&" "&INDEX($C$2:$C$231,MATCH(R87,$A$2:$A$231,0))) -> Ada Paredes | T87: Standard | U87: =H87&" | "&G87 -> Litigation & Disputes | Paraprofessional
A88: VL-1140 | B88: Nadia | C88: Aguilar | D88: nadia.aguilar@vandelay.example | E88: Senior Paralegal | F88: P2 | G88: Paraprofessional | H88: Litigation & Disputes | I88: Paralegals | J88: Atlanta | K88: United States | L88: Americas - US | M88: Regional office | N88: Hybrid | O88: 42745 | P88: =ROUND((About!$B$3-O88)/365.25,1) -> 9.7 | Q88: =IF(O88>About!$B$4,"Yes","No") -> No | R88: VL-1136 | S88: =IF(R88="","",INDEX($B$2:$B$231,MATCH(R88,$A$2:$A$231,0))&" "&INDEX($C$2:$C$231,MATCH(R88,$A$2:$A$231,0))) -> Ada Paredes | T88: Standard | U88: =H88&" | "&G88 -> Litigation & Disputes | Paraprofessional
A89: VL-1141 | B89: Sofia | C89: Ekwueme | D89: sofia.ekwueme@vandelay.example | E89: Paralegal | F89: P2 | G89: Paraprofessional | H89: Litigation & Disputes | I89: Paralegals | J89: Chicago | K89: United States | L89: Americas - US | M89: Regional office | N89: Remote | O89: 45248 | P89: =ROUND((About!$B$3-O89)/365.25,1) -> 2.8 | Q89: =IF(O89>About!$B$4,"Yes","No") -> No | R89: VL-1136 | S89: =IF(R89="","",INDEX($B$2:$B$231,MATCH(R89,$A$2:$A$231,0))&" "&INDEX($C$2:$C$231,MATCH(R89,$A$2:$A$231,0))) -> Ada Paredes | T89: Standard | U89: =H89&" | "&G89 -> Litigation & Disputes | Paraprofessional
A90: VL-1142 | B90: Alina | C90: Fontaine | D90: alina.fontaine@vandelay.example | E90: Paralegal | F90: P2 | G90: Paraprofessional | H90: Litigation & Disputes | I90: Paralegals | J90: New York | K90: United States | L90: Americas - US | M90: HQ | N90: Hybrid | O90: 37641 | P90: =ROUND((About!$B$3-O90)/365.25,1) -> 23.6 | Q90: =IF(O90>About!$B$4,"Yes","No") -> No | R90: VL-1136 | S90: =IF(R90="","",INDEX($B$2:$B$231,MATCH(R90,$A$2:$A$231,0))&" "&INDEX($C$2:$C$231,MATCH(R90,$A$2:$A$231,0))) -> Ada Paredes | T90: Standard | U90: =H90&" | "&G90 -> Litigation & Disputes | Paraprofessional
A91: VL-1143 | B91: Ruth | C91: Okoro | D91: ruth.okoro@vandelay.example | E91: Paralegal | F91: P2 | G91: Paraprofessional | H91: Litigation & Disputes | I91: Paralegals | J91: New York | K91: United States | L91: Americas - US | M91: HQ | N91: Office | O91: 45855 | P91: =ROUND((About!$B$3-O91)/365.25,1) -> 1.1 | Q91: =IF(O91>About!$B$4,"Yes","No") -> Yes | R91: VL-1136 | S91: =IF(R91="","",INDEX($B$2:$B$231,MATCH(R91,$A$2:$A$231,0))&" "&INDEX($C$2:$C$231,MATCH(R91,$A$2:$A$231,0))) -> Ada Paredes | T91: Standard | U91: =H91&" | "&G91 -> Litigation & Disputes | Paraprofessional
A92: VL-1144 | B92: Ada | C92: Obi | D92: ada.obi@vandelay.example | E92: Paralegal | F92: P2 | G92: Paraprofessional | H92: Litigation & Disputes | I92: Paralegals | J92: Houston | K92: United States | L92: Americas - US | M92: Regional office | N92: Hybrid | O92: 39575 | P92: =ROUND((About!$B$3-O92)/365.25,1) -> 18.3 | Q92: =IF(O92>About!$B$4,"Yes","No") -> No | R92: VL-1136 | S92: =IF(R92="","",INDEX($B$2:$B$231,MATCH(R92,$A$2:$A$231,0))&" "&INDEX($C$2:$C$231,MATCH(R92,$A$2:$A$231,0))) -> Ada Paredes | T92: Standard | U92: =H92&" | "&G92 -> Litigation & Disputes | Paraprofessional
A93: VL-1145 | B93: Esme | C93: Ramanathan | D93: esme.ramanathan@vandelay.example | E93: Paralegal | F93: P2 | G93: Paraprofessional | H93: Litigation & Disputes | I93: Paralegals | J93: New York | K93: United States | L93: Americas - US | M93: HQ | N93: Office | O93: 45346 | P93: =ROUND((About!$B$3-O93)/365.25,1) -> 2.5 | Q93: =IF(O93>About!$B$4,"Yes","No") -> No | R93: VL-1136 | S93: =IF(R93="","",INDEX($B$2:$B$231,MATCH(R93,$A$2:$A$231,0))&" "&INDEX($C$2:$C$231,MATCH(R93,$A$2:$A$231,0))) -> Ada Paredes | T93: Standard | U93: =H93&" | "&G93 -> Litigation & Disputes | Paraprofessional
A94: VL-1146 | B94: Victor | C94: Whitfield | D94: victor.whitfield@vandelay.example | E94: Paralegal | F94: P2 | G94: Paraprofessional | H94: Litigation & Disputes | I94: Paralegals | J94: New York | K94: United States | L94: Americas - US | M94: HQ | N94: Remote | O94: 45676 | P94: =ROUND((About!$B$3-O94)/365.25,1) -> 1.6 | Q94: =IF(O94>About!$B$4,"Yes","No") -> Yes | R94: VL-1136 | S94: =IF(R94="","",INDEX($B$2:$B$231,MATCH(R94,$A$2:$A$231,0))&" "&INDEX($C$2:$C$231,MATCH(R94,$A$2:$A$231,0))) -> Ada Paredes | T94: Standard | U94: =H94&" | "&G94 -> Litigation & Disputes | Paraprofessional
A95: VL-1147 | B95: Idris | C95: Ferreira | D95: idris.ferreira@vandelay.example | E95: Paralegal | F95: P2 | G95: Paraprofessional | H95: Litigation & Disputes | I95: Paralegals | J95: New York | K95: United States | L95: Americas - US | M95: HQ | N95: Hybrid | O95: 44463 | P95: =ROUND((About!$B$3-O95)/365.25,1) -> 5 | Q95: =IF(O95>About!$B$4,"Yes","No") -> No | R95: VL-1136 | S95: =IF(R95="","",INDEX($B$2:$B$231,MATCH(R95,$A$2:$A$231,0))&" "&INDEX($C$2:$C$231,MATCH(R95,$A$2:$A$231,0))) -> Ada Paredes | T95: Standard | U95: =H95&" | "&G95 -> Litigation & Disputes | Paraprofessional
... A106: VL-1228 | B106: Anaya | C106: Petrov | D106: anaya.petrov@vandelay.example | E106: Executive Assistant | F106: EA | G106: Executive Assistant | H106: Litigation & Disputes | I106: Executive Support | J106: New York | K106: United States | L106: Americas - US | M106: HQ | N106: Hybrid | O106: 43454 | P106: =ROUND((About!$B$3-O106)/365.25,1) -> 7.7 | Q106: =IF(O106>About!$B$4,"Yes","No") -> No | R106: VL-1003 | S106: =IF(R106="","",INDEX($B$2:$B$231,MATCH(R106,$A$2:$A$231,0))&" "&INDEX($C$2:$C$231,MATCH(R106,$A$2:$A$231,0))) -> Ines Duarte | T106: Standard | U106: =H106&" | "&G106 -> Litigation & Disputes | Executive Assistant
A107: VL-1004 | B107: Leo | C107: Fitzgerald | D107: leo.fitzgerald@vandelay.example | E107: Deputy General Counsel, Regulatory & Trade Compliance | F107: L2 | G107: Lawyer - Leadership | H107: Regulatory & Trade Compliance | J107: Washington, DC | K107: United States | L107: Americas - US | M107: Regional office | N107: Remote | O107: 42686 | P107: =ROUND((About!$B$3-O107)/365.25,1) -> 9.8 | Q107: =IF(O107>About!$B$4,"Yes","No") -> No | R107: VL-1001 | S107: =IF(R107="","",INDEX($B$2:$B$231,MATCH(R107,$A$2:$A$231,0))&" "&INDEX($C$2:$C$231,MATCH(R107,$A$2:$A$231,0))) -> Simon Rasmussen | T107: Standard | U107: =H107&" | "&G107 -> Regulatory & Trade Compliance | Lawyer - Leadership
A108: VL-1066 | B108: Wei | C108: Goh | D108: wei.goh@vandelay.example | E108: Counsel | F108: L4 | G108: Lawyer - Mid | H108: Regulatory & Trade Compliance | J108: Singapore | K108: Singapore | L108: APAC | M108: International office | N108: Hybrid | O108: 42115 | P108: =ROUND((About!$B$3-O108)/365.25,1) -> 11.4 | Q108: =IF(O108>About!$B$4,"Yes","No") -> No | R108: VL-1004 | S108: =IF(R108="","",INDEX($B$2:$B$231,MATCH(R108,$A$2:$A$231,0))&" "&INDEX($C$2:$C$231,MATCH(R108,$A$2:$A$231,0))) -> Leo Fitzgerald | T108: Standard | U108: =H108&" | "&G108 -> Regulatory & Trade Compliance | Lawyer - Mid
A109: VL-1067 | B109: Hui | C109: Tan | D109: hui.tan@vandelay.example | E109: Attorney | F109: L5 | G109: Lawyer - Junior | H109: Regulatory & Trade Compliance | J109: Singapore | K109: Singapore | L109: APAC | M109: International office | N109: Hybrid | O109: 45923 | P109: =ROUND((About!$B$3-O109)/365.25,1) -> 1 | Q109: =IF(O109>About!$B$4,"Yes","No") -> Yes | R109: VL-1004 | S109: =IF(R109="","",INDEX($B$2:$B$231,MATCH(R109,$A$2:$A$231,0))&" "&INDEX($C$2:$C$231,MATCH(R109,$A$2:$A$231,0))) -> Leo Fitzgerald | T109: Standard | U109: =H109&" | "&G109 -> Regulatory & Trade Compliance | Lawyer - Junior
A110: VL-1068 | B110: Mariana | C110: Sanchez | D110: mariana.sanchez@vandelay.example | E110: Counsel | F110: L4 | G110: Lawyer - Mid | H110: Regulatory & Trade Compliance | J110: Mexico City | K110: Mexico | L110: LATAM | M110: International office | N110: Remote | O110: 41185 | P110: =ROUND((About!$B$3-O110)/365.25,1) -> 13.9 | Q110: =IF(O110>About!$B$4,"Yes","No") -> No | R110: VL-1004 | S110: =IF(R110="","",INDEX($B$2:$B$231,MATCH(R110,$A$2:$A$231,0))&" "&INDEX($C$2:$C$231,MATCH(R110,$A$2:$A$231,0))) -> Leo Fitzgerald | T110: Standard | U110: =H110&" | "&G110 -> Regulatory & Trade Compliance | Lawyer - Mid
A111: VL-1069 | B111: Poppy | C111: Thornbury | D111: poppy.thornbury@vandelay.example | E111: Counsel | F111: L4 | G111: Lawyer - Mid | H111: Regulatory & Trade Compliance | J111: London | K111: United Kingdom | L111: EMEA | M111: International office | N111: Remote | O111: 44885 | P111: =ROUND((About!$B$3-O111)/365.25,1) -> 3.8 | Q111: =IF(O111>About!$B$4,"Yes","No") -> No | R111: VL-1004 | S111: =IF(R111="","",INDEX($B$2:$B$231,MATCH(R111,$A$2:$A$231,0))&" "&INDEX($C$2:$C$231,MATCH(R111,$A$2:$A$231,0))) -> Leo Fitzgerald | T111: Standard | U111: =H111&" | "&G111 -> Regulatory & Trade Compliance | Lawyer - Mid
A112: VL-1070 | B112: Caleb | C112: Achebe | D112: caleb.achebe@vandelay.example | E112: Senior Counsel | F112: L3 | G112: Lawyer - Senior | H112: Regulatory & Trade Compliance | J112: Singapore | K112: Singapore | L112: APAC | M112: International office | N112: Hybrid | O112: 45202 | P112: =ROUND((About!$B$3-O112)/365.25,1) -> 2.9 | Q112: =IF(O112>About!$B$4,"Yes","No") -> No | R112: VL-1004 | S112: =IF(R112="","",INDEX($B$2:$B$231,MATCH(R112,$A$2:$A$231,0))&" "&INDEX($C$2:$C$231,MATCH(R112,$A$2:$A$231,0))) -> Leo Fitzgerald | T112: Standard | U112: =H112&" | "&G112 -> Regulatory & Trade Compliance | Lawyer - Senior
A113: VL-1071 | B113: Diego | C113: Garcia | D113: diego.garcia@vandelay.example | E113: Counsel | F113: L4 | G113: Lawyer - Mid | H113: Regulatory & Trade Compliance | J113: Mexico City | K113: Mexico | L113: LATAM | M113: International office | N113: Office | O113: 45987 | P113: =ROUND((About!$B$3-O113)/365.25,1) -> 0.8 | Q113: =IF(O113>About!$B$4,"Yes","No") -> Yes | R113: VL-1004 | S113: =IF(R113="","",INDEX($B$2:$B$231,MATCH(R113,$A$2:$A$231,0))&" "&INDEX($C$2:$C$231,MATCH(R113,$A$2:$A$231,0))) -> Leo Fitzgerald | T113: Standard | U113: =H113&" | "&G113 -> Regulatory & Trade Compliance | Lawyer - Mid
A114: VL-1072 | B114: Chloe | C114: Okafor | D114: chloe.okafor@vandelay.example | E114: Counsel | F114: L4 | G114: Lawyer - Mid | H114: Regulatory & Trade Compliance | J114: London | K114: United Kingdom | L114: EMEA | M114: International office | N114: Office | O114: 44180 | P114: =ROUND((About!$B$3-O114)/365.25,1) -> 5.7 | Q114: =IF(O114>About!$B$4,"Yes","No") -> No | R114: VL-1004 | S114: =IF(R114="","",INDEX($B$2:$B$231,MATCH(R114,$A$2:$A$231,0))&" "&INDEX($C$2:$C$231,MATCH(R114,$A$2:$A$231,0))) -> Leo Fitzgerald | T114: Standard | U114: =H114&" | "&G114 -> Regulatory & Trade Compliance | Lawyer - Mid
A115: VL-1073 | B115: Chloe | C115: Bassett | D115: chloe.bassett@vandelay.example | E115: Attorney | F115: L5 | G115: Lawyer - Junior | H115: Regulatory & Trade Compliance | J115: Houston | K115: United States | L115: Americas - US | M115: Regional office | N115: Office | O115: 44035 | P115: =ROUND((About!$B$3-O115)/365.25,1) -> 6.1 | Q115: =IF(O115>About!$B$4,"Yes","No") -> No | R115: VL-1004 | S115: =IF(R115="","",INDEX($B$2:$B$231,MATCH(R115,$A$2:$A$231,0))&" "&INDEX($C$2:$C$231,MATCH(R115,$A$2:$A$231,0))) -> Leo Fitzgerald | T115: Standard | U115: =H115&" | "&G115 -> Regulatory & Trade Compliance | Lawyer - Junior
A116: VL-1074 | B116: Henry | C116: Alvarado | D116: henry.alvarado@vandelay.example | E116: Senior Counsel | F116: L3 | G116: Lawyer - Senior | H116: Regulatory & Trade Compliance | J116: Chicago | K116: United States | L116: Americas - US | M116: Regional office | N116: Hybrid | O116: 39159 | P116: =ROUND((About!$B$3-O116)/365.25,1) -> 19.5 | Q116: =IF(O116>About!$B$4,"Yes","No") -> No | R116: VL-1004 | S116: =IF(R116="","",INDEX($B$2:$B$231,MATCH(R116,$A$2:$A$231,0))&" "&INDEX($C$2:$C$231,MATCH(R116,$A$2:$A$231,0))) -> Leo Fitzgerald | T116: Standard | U116: =H116&" | "&G116 -> Regulatory & Trade Compliance | Lawyer - Senior
A117: VL-1075 | B117: Rohan | C117: Ocampo | D117: rohan.ocampo@vandelay.example | E117: Attorney | F117: L5 | G117: Lawyer - Junior | H117: Regulatory & Trade Compliance | J117: New York | K117: United States | L117: Americas - US | M117: HQ | N117: Remote | O117: 45989 | P117: =ROUND((About!$B$3-O117)/365.25,1) -> 0.8 | Q117: =IF(O117>About!$B$4,"Yes","No") -> Yes | R117: VL-1004 | S117: =IF(R117="","",INDEX($B$2:$B$231,MATCH(R117,$A$2:$A$231,0))&" "&INDEX($C$2:$C$231,MATCH(R117,$A$2:$A$231,0))) -> Leo Fitzgerald | T117: Standard | U117: =H117&" | "&G117 -> Regulatory & Trade Compliance | Lawyer - Junior
A118: VL-1076 | B118: Nathan | C118: Alvarado | D118: nathan.alvarado@vandelay.example | E118: Counsel | F118: L4 | G118: Lawyer - Mid | H118: Regulatory & Trade Compliance | J118: Chicago | K118: United States | L118: Americas - US | M118: Regional office | N118: Hybrid | O118: 41859 | P118: =ROUND((About!$B$3-O118)/365.25,1) -> 12.1 | Q118: =IF(O118>About!$B$4,"Yes","No") -> No | R118: VL-1004 | S118: =IF(R118="","",INDEX($B$2:$B$231,MATCH(R118,$A$2:$A$231,0))&" "&INDEX($C$2:$C$231,MATCH(R118,$A$2:$A$231,0))) -> Leo Fitzgerald | T118: Standard | U118: =H118&" | "&G118 -> Regulatory & Trade Compliance | Lawyer - Mid
... A122: VL-1080 | B122: Emmett | C122: Whitfield | D122: emmett.whitfield@vandelay.example | E122: Attorney | F122: L5 | G122: Lawyer - Junior | H122: Regulatory & Trade Compliance | J122: Houston | K122: United States | L122: Americas - US | M122: Regional office | N122: Office | O122: 37522 | P122: =ROUND((About!$B$3-O122)/365.25,1) -> 24 | Q122: =IF(O122>About!$B$4,"Yes","No") -> No | R122: VL-1004 | S122: =IF(R122="","",INDEX($B$2:$B$231,MATCH(R122,$A$2:$A$231,0))&" "&INDEX($C$2:$C$231,MATCH(R122,$A$2:$A$231,0))) -> Leo Fitzgerald | T122: Standard | U122: =H122&" | "&G122 -> Regulatory & Trade Compliance | Lawyer - Junior
A123: VL-1158 | B123: Anaya | C123: Salazar | D123: anaya.salazar@vandelay.example | E123: Paralegal | F123: P2 | G123: Paraprofessional | H123: Regulatory & Trade Compliance | I123: Paralegals | J123: San Francisco | K123: United States | L123: Americas - US | M123: Regional office | N123: Hybrid | O123: 41395 | P123: =ROUND((About!$B$3-O123)/365.25,1) -> 13.4 | Q123: =IF(O123>About!$B$4,"Yes","No") -> No | R123: VL-1136 | S123: =IF(R123="","",INDEX($B$2:$B$231,MATCH(R123,$A$2:$A$231,0))&" "&INDEX($C$2:$C$231,MATCH(R123,$A$2:$A$231,0))) -> Ada Paredes | T123: Standard | U123: =H123&" | "&G123 -> Regulatory & Trade Compliance | Paraprofessional
A124: VL-1159 | B124: Wren | C124: Nwosu | D124: wren.nwosu@vandelay.example | E124: Paralegal | F124: P2 | G124: Paraprofessional | H124: Regulatory & Trade Compliance | I124: Paralegals | J124: New York | K124: United States | L124: Americas - US | M124: HQ | N124: Remote | O124: 45750 | P124: =ROUND((About!$B$3-O124)/365.25,1) -> 1.4 | Q124: =IF(O124>About!$B$4,"Yes","No") -> Yes | R124: VL-1136 | S124: =IF(R124="","",INDEX($B$2:$B$231,MATCH(R124,$A$2:$A$231,0))&" "&INDEX($C$2:$C$231,MATCH(R124,$A$2:$A$231,0))) -> Ada Paredes | T124: Standard | U124: =H124&" | "&G124 -> Regulatory & Trade Compliance | Paraprofessional
A125: VL-1160 | B125: Hana | C125: Sorensen | D125: hana.sorensen@vandelay.example | E125: Paralegal | F125: P2 | G125: Paraprofessional | H125: Regulatory & Trade Compliance | I125: Paralegals | J125: Atlanta | K125: United States | L125: Americas - US | M125: Regional office | N125: Hybrid | O125: 38971 | P125: =ROUND((About!$B$3-O125)/365.25,1) -> 20 | Q125: =IF(O125>About!$B$4,"Yes","No") -> No | R125: VL-1136 | S125: =IF(R125="","",INDEX($B$2:$B$231,MATCH(R125,$A$2:$A$231,0))&" "&INDEX($C$2:$C$231,MATCH(R125,$A$2:$A$231,0))) -> Ada Paredes | T125: Standard | U125: =H125&" | "&G125 -> Regulatory & Trade Compliance | Paraprofessional
A126: VL-1188 | B126: Victor | C126: Sorensen | D126: victor.sorensen@vandelay.example | E126: Compliance Analyst | F126: P2 | G126: Paraprofessional | H126: Regulatory & Trade Compliance | I126: Compliance Operations | J126: Dublin | K126: Ireland | L126: EMEA | M126: International office | N126: Remote | O126: 46158 | P126: =ROUND((About!$B$3-O126)/365.25,1) -> 0.3 | Q126: =IF(O126>About!$B$4,"Yes","No") -> Yes | R126: VL-1004 | S126: =IF(R126="","",INDEX($B$2:$B$231,MATCH(R126,$A$2:$A$231,0))&" "&INDEX($C$2:$C$231,MATCH(R126,$A$2:$A$231,0))) -> Leo Fitzgerald | T126: Standard | U126: =H126&" | "&G126 -> Regulatory & Trade Compliance | Paraprofessional
A127: VL-1189 | B127: Diego | C127: Ramirez | D127: diego.ramirez@vandelay.example | E127: Compliance Analyst | F127: P2 | G127: Paraprofessional | H127: Regulatory & Trade Compliance | I127: Compliance Operations | J127: Mexico City | K127: Mexico | L127: LATAM | M127: International office | N127: Remote | O127: 42317 | P127: =ROUND((About!$B$3-O127)/365.25,1) -> 10.8 | Q127: =IF(O127>About!$B$4,"Yes","No") -> No | R127: VL-1004 | S127: =IF(R127="","",INDEX($B$2:$B$231,MATCH(R127,$A$2:$A$231,0))&" "&INDEX($C$2:$C$231,MATCH(R127,$A$2:$A$231,0))) -> Leo Fitzgerald | T127: Standard | U127: =H127&" | "&G127 -> Regulatory & Trade Compliance | Paraprofessional
A128: VL-1190 | B128: Tariq | C128: Delgado | D128: tariq.delgado@vandelay.example | E128: Compliance Analyst | F128: P2 | G128: Paraprofessional | H128: Regulatory & Trade Compliance | I128: Compliance Operations | J128: San Francisco | K128: United States | L128: Americas - US | M128: Regional office | N128: Hybrid | O128: 40129 | P128: =ROUND((About!$B$3-O128)/365.25,1) -> 16.8 | Q128: =IF(O128>About!$B$4,"Yes","No") -> No | R128: VL-1004 | S128: =IF(R128="","",INDEX($B$2:$B$231,MATCH(R128,$A$2:$A$231,0))&" "&INDEX($C$2:$C$231,MATCH(R128,$A$2:$A$231,0))) -> Leo Fitzgerald | T128: Standard | U128: =H128&" | "&G128 -> Regulatory & Trade Compliance | Paraprofessional
A129: VL-1220 | B129: Keira | C129: Osei | D129: keira.osei@vandelay.example | E129: Executive Assistant | F129: EA | G129: Executive Assistant | H129: Regulatory & Trade Compliance | I129: Executive Support | J129: Washington, DC | K129: United States | L129: Americas - US | M129: Regional office | N129: Hybrid | O129: 38623 | P129: =ROUND((About!$B$3-O129)/365.25,1) -> 20.9 | Q129: =IF(O129>About!$B$4,"Yes","No") -> No | R129: VL-1004 | S129: =IF(R129="","",INDEX($B$2:$B$231,MATCH(R129,$A$2:$A$231,0))&" "&INDEX($C$2:$C$231,MATCH(R129,$A$2:$A$231,0))) -> Leo Fitzgerald | T129: Standard | U129: =H129&" | "&G129 -> Regulatory & Trade Compliance | Executive Assistant
A130: VL-1005 | B130: Lina | C130: Mbeki | D130: lina.mbeki@vandelay.example | E130: Deputy General Counsel, Employment & Labor | F130: L2 | G130: Lawyer - Leadership | H130: Employment & Labor | J130: New York | K130: United States | L130: Americas - US | M130: HQ | N130: Hybrid | O130: 43732 | P130: =ROUND((About!$B$3-O130)/365.25,1) -> 7 | Q130: =IF(O130>About!$B$4,"Yes","No") -> No | R130: VL-1001 | S130: =IF(R130="","",INDEX($B$2:$B$231,MATCH(R130,$A$2:$A$231,0))&" "&INDEX($C$2:$C$231,MATCH(R130,$A$2:$A$231,0))) -> Simon Rasmussen | T130: Standard | U130: =H130&" | "&G130 -> Employment & Labor | Lawyer - Leadership
A131: VL-1081 | B131: Ezra | C131: Baptiste | D131: ezra.baptiste@vandelay.example | E131: Counsel | F131: L4 | G131: Lawyer - Mid | H131: Employment & Labor | J131: London | K131: United Kingdom | L131: EMEA | M131: International office | N131: Hybrid | O131: 46030 | P131: =ROUND((About!$B$3-O131)/365.25,1) -> 0.7 | Q131: =IF(O131>About!$B$4,"Yes","No") -> Yes | R131: VL-1005 | S131: =IF(R131="","",INDEX($B$2:$B$231,MATCH(R131,$A$2:$A$231,0))&" "&INDEX($C$2:$C$231,MATCH(R131,$A$2:$A$231,0))) -> Lina Mbeki | T131: Standard | U131: =H131&" | "&G131 -> Employment & Labor | Lawyer - Mid
A132: VL-1082 | B132: Dalia | C132: Hartmann | D132: dalia.hartmann@vandelay.example | E132: Attorney | F132: L5 | G132: Lawyer - Junior | H132: Employment & Labor | J132: New York | K132: United States | L132: Americas - US | M132: HQ | N132: Hybrid | O132: 40972 | P132: =ROUND((About!$B$3-O132)/365.25,1) -> 14.5 | Q132: =IF(O132>About!$B$4,"Yes","No") -> No | R132: VL-1005 | S132: =IF(R132="","",INDEX($B$2:$B$231,MATCH(R132,$A$2:$A$231,0))&" "&INDEX($C$2:$C$231,MATCH(R132,$A$2:$A$231,0))) -> Lina Mbeki | T132: Standard | U132: =H132&" | "&G132 -> Employment & Labor | Lawyer - Junior
A133: VL-1083 | B133: Nadia | C133: Lindgren | D133: nadia.lindgren@vandelay.example | E133: Senior Counsel | F133: L3 | G133: Lawyer - Senior | H133: Employment & Labor | J133: New York | K133: United States | L133: Americas - US | M133: HQ | N133: Remote | O133: 45816 | P133: =ROUND((About!$B$3-O133)/365.25,1) -> 1.3 | Q133: =IF(O133>About!$B$4,"Yes","No") -> Yes | R133: VL-1005 | S133: =IF(R133="","",INDEX($B$2:$B$231,MATCH(R133,$A$2:$A$231,0))&" "&INDEX($C$2:$C$231,MATCH(R133,$A$2:$A$231,0))) -> Lina Mbeki | T133: Standard | U133: =H133&" | "&G133 -> Employment & Labor | Lawyer - Senior
A134: VL-1084 | B134: Zainab | C134: Nwosu | D134: zainab.nwosu@vandelay.example | E134: Counsel | F134: L4 | G134: Lawyer - Mid | H134: Employment & Labor | J134: Los Angeles | K134: United States | L134: Americas - US | M134: Regional office | N134: Hybrid | O134: 40213 | P134: =ROUND((About!$B$3-O134)/365.25,1) -> 16.6 | Q134: =IF(O134>About!$B$4,"Yes","No") -> No | R134: VL-1005 | S134: =IF(R134="","",INDEX($B$2:$B$231,MATCH(R134,$A$2:$A$231,0))&" "&INDEX($C$2:$C$231,MATCH(R134,$A$2:$A$231,0))) -> Lina Mbeki | T134: Standard | U134: =H134&" | "&G134 -> Employment & Labor | Lawyer - Mid
A135: VL-1085 | B135: Bastian | C135: Blackwood | D135: bastian.blackwood@vandelay.example | E135: Attorney | F135: L5 | G135: Lawyer - Junior | H135: Employment & Labor | J135: New York | K135: United States | L135: Americas - US | M135: HQ | N135: Office | O135: 45953 | P135: =ROUND((About!$B$3-O135)/365.25,1) -> 0.9 | Q135: =IF(O135>About!$B$4,"Yes","No") -> Yes | R135: VL-1005 | S135: =IF(R135="","",INDEX($B$2:$B$231,MATCH(R135,$A$2:$A$231,0))&" "&INDEX($C$2:$C$231,MATCH(R135,$A$2:$A$231,0))) -> Lina Mbeki | T135: Standard | U135: =H135&" | "&G135 -> Employment & Labor | Lawyer - Junior
A136: VL-1086 | B136: Wren | C136: Sandoval | D136: wren.sandoval@vandelay.example | E136: Senior Counsel | F136: L3 | G136: Lawyer - Senior | H136: Employment & Labor | J136: New York | K136: United States | L136: Americas - US | M136: HQ | N136: Hybrid | O136: 39637 | P136: =ROUND((About!$B$3-O136)/365.25,1) -> 18.2 | Q136: =IF(O136>About!$B$4,"Yes","No") -> No | R136: VL-1005 | S136: =IF(R136="","",INDEX($B$2:$B$231,MATCH(R136,$A$2:$A$231,0))&" "&INDEX($C$2:$C$231,MATCH(R136,$A$2:$A$231,0))) -> Lina Mbeki | T136: Standard | U136: =H136&" | "&G136 -> Employment & Labor | Lawyer - Senior
A137: VL-1087 | B137: Maya | C137: Fitzgerald | D137: maya.fitzgerald@vandelay.example | E137: Counsel | F137: L4 | G137: Lawyer - Mid | H137: Employment & Labor | J137: New York | K137: United States | L137: Americas - US | M137: HQ | N137: Hybrid | O137: 42091 | P137: =ROUND((About!$B$3-O137)/365.25,1) -> 11.5 | Q137: =IF(O137>About!$B$4,"Yes","No") -> No | R137: VL-1005 | S137: =IF(R137="","",INDEX($B$2:$B$231,MATCH(R137,$A$2:$A$231,0))&" "&INDEX($C$2:$C$231,MATCH(R137,$A$2:$A$231,0))) -> Lina Mbeki | T137: Standard | U137: =H137&" | "&G137 -> Employment & Labor | Lawyer - Mid
A138: VL-1088 | B138: Solveig | C138: Duarte | D138: solveig.duarte@vandelay.example | E138: Counsel | F138: L4 | G138: Lawyer - Mid | H138: Employment & Labor | J138: Washington, DC | K138: United States | L138: Americas - US | M138: Regional office | N138: Hybrid | O138: 45725 | P138: =ROUND((About!$B$3-O138)/365.25,1) -> 1.5 | Q138: =IF(O138>About!$B$4,"Yes","No") -> Yes | R138: VL-1005 | S138: =IF(R138="","",INDEX($B$2:$B$231,MATCH(R138,$A$2:$A$231,0))&" "&INDEX($C$2:$C$231,MATCH(R138,$A$2:$A$231,0))) -> Lina Mbeki | T138: Standard | U138: =H138&" | "&G138 -> Employment & Labor | Lawyer - Mid
A139: VL-1089 | B139: Marcus | C139: Villanueva | D139: marcus.villanueva@vandelay.example | E139: Attorney | F139: L5 | G139: Lawyer - Junior | H139: Employment & Labor | J139: New York | K139: United States | L139: Americas - US | M139: HQ | N139: Hybrid | O139: 40976 | P139: =ROUND((About!$B$3-O139)/365.25,1) -> 14.5 | Q139: =IF(O139>About!$B$4,"Yes","No") -> No | R139: VL-1005 | S139: =IF(R139="","",INDEX($B$2:$B$231,MATCH(R139,$A$2:$A$231,0))&" "&INDEX($C$2:$C$231,MATCH(R139,$A$2:$A$231,0))) -> Lina Mbeki | T139: Standard | U139: =H139&" | "&G139 -> Employment & Labor | Lawyer - Junior
A140: VL-1090 | B140: Felix | C140: Brennan | D140: felix.brennan@vandelay.example | E140: Attorney | F140: L5 | G140: Lawyer - Junior | H140: Employment & Labor | J140: New York | K140: United States | L140: Americas - US | M140: HQ | N140: Hybrid | O140: 39055 | P140: =ROUND((About!$B$3-O140)/365.25,1) -> 19.8 | Q140: =IF(O140>About!$B$4,"Yes","No") -> No | R140: VL-1005 | S140: =IF(R140="","",INDEX($B$2:$B$231,MATCH(R140,$A$2:$A$231,0))&" "&INDEX($C$2:$C$231,MATCH(R140,$A$2:$A$231,0))) -> Lina Mbeki | T140: Standard | U140: =H140&" | "&G140 -> Employment & Labor | Lawyer - Junior
A141: VL-1091 | B141: Dalia | C141: Lindgren | D141: dalia.lindgren@vandelay.example | E141: Attorney | F141: L5 | G141: Lawyer - Junior | H141: Employment & Labor | J141: Atlanta | K141: United States | L141: Americas - US | M141: Regional office | N141: Hybrid | O141: 45367 | P141: =ROUND((About!$B$3-O141)/365.25,1) -> 2.5 | Q141: =IF(O141>About!$B$4,"Yes","No") -> No | R141: VL-1005 | S141: =IF(R141="","",INDEX($B$2:$B$231,MATCH(R141,$A$2:$A$231,0))&" "&INDEX($C$2:$C$231,MATCH(R141,$A$2:$A$231,0))) -> Lina Mbeki | T141: Standard | U141: =H141&" | "&G141 -> Employment & Labor | Lawyer - Junior
... A143: VL-1093 | B143: Daniel | C143: Quinlan | D143: daniel.quinlan@vandelay.example | E143: Counsel | F143: L4 | G143: Lawyer - Mid | H143: Employment & Labor | J143: New York | K143: United States | L143: Americas - US | M143: HQ | N143: Hybrid | O143: 42787 | P143: =ROUND((About!$B$3-O143)/365.25,1) -> 9.5 | Q143: =IF(O143>About!$B$4,"Yes","No") -> No | R143: VL-1005 | S143: =IF(R143="","",INDEX($B$2:$B$231,MATCH(R143,$A$2:$A$231,0))&" "&INDEX($C$2:$C$231,MATCH(R143,$A$2:$A$231,0))) -> Lina Mbeki | T143: Standard | U143: =H143&" | "&G143 -> Employment & Labor | Lawyer - Mid
A144: VL-1155 | B144: Oliver | C144: Holloway | D144: oliver.holloway@vandelay.example | E144: Paralegal | F144: P2 | G144: Paraprofessional | H144: Employment & Labor | I144: Paralegals | J144: Chicago | K144: United States | L144: Americas - US | M144: Regional office | N144: Remote | O144: 45180 | P144: =ROUND((About!$B$3-O144)/365.25,1) -> 3 | Q144: =IF(O144>About!$B$4,"Yes","No") -> No | R144: VL-1136 | S144: =IF(R144="","",INDEX($B$2:$B$231,MATCH(R144,$A$2:$A$231,0))&" "&INDEX($C$2:$C$231,MATCH(R144,$A$2:$A$231,0))) -> Ada Paredes | T144: Standard | U144: =H144&" | "&G144 -> Employment & Labor | Paraprofessional
A145: VL-1156 | B145: Dalia | C145: Mahmoud | D145: dalia.mahmoud@vandelay.example | E145: Paralegal | F145: P2 | G145: Paraprofessional | H145: Employment & Labor | I145: Paralegals | J145: New York | K145: United States | L145: Americas - US | M145: HQ | N145: Hybrid | O145: 42275 | P145: =ROUND((About!$B$3-O145)/365.25,1) -> 10.9 | Q145: =IF(O145>About!$B$4,"Yes","No") -> No | R145: VL-1136 | S145: =IF(R145="","",INDEX($B$2:$B$231,MATCH(R145,$A$2:$A$231,0))&" "&INDEX($C$2:$C$231,MATCH(R145,$A$2:$A$231,0))) -> Ada Paredes | T145: Standard | U145: =H145&" | "&G145 -> Employment & Labor | Paraprofessional
A146: VL-1157 | B146: Sofia | C146: Ashworth | D146: sofia.ashworth@vandelay.example | E146: Paralegal | F146: P2 | G146: Paraprofessional | H146: Employment & Labor | I146: Paralegals | J146: San Francisco | K146: United States | L146: Americas - US | M146: Regional office | N146: Hybrid | O146: 44579 | P146: =ROUND((About!$B$3-O146)/365.25,1) -> 4.6 | Q146: =IF(O146>About!$B$4,"Yes","No") -> No | R146: VL-1136 | S146: =IF(R146="","",INDEX($B$2:$B$231,MATCH(R146,$A$2:$A$231,0))&" "&INDEX($C$2:$C$231,MATCH(R146,$A$2:$A$231,0))) -> Ada Paredes | T146: Standard | U146: =H146&" | "&G146 -> Employment & Labor | Paraprofessional
A147: VL-1221 | B147: Thandi | C147: Kaur | D147: thandi.kaur@vandelay.example | E147: Executive Assistant | F147: EA | G147: Executive Assistant | H147: Employment & Labor | I147: Executive Support | J147: New York | K147: United States | L147: Americas - US | M147: HQ | N147: Hybrid | O147: 46170 | P147: =ROUND((About!$B$3-O147)/365.25,1) -> 0.3 | Q147: =IF(O147>About!$B$4,"Yes","No") -> Yes | R147: VL-1005 | S147: =IF(R147="","",INDEX($B$2:$B$231,MATCH(R147,$A$2:$A$231,0))&" "&INDEX($C$2:$C$231,MATCH(R147,$A$2:$A$231,0))) -> Lina Mbeki | T147: Standard | U147: =H147&" | "&G147 -> Employment & Labor | Executive Assistant
A148: VL-1006 | B148: Leila | C148: Reyes | D148: leila.reyes@vandelay.example | E148: Deputy General Counsel, Intellectual Property | F148: L2 | G148: Lawyer - Leadership | H148: Intellectual Property | J148: New York | K148: United States | L148: Americas - US | M148: HQ | N148: Hybrid | O148: 43905 | P148: =ROUND((About!$B$3-O148)/365.25,1) -> 6.5 | Q148: =IF(O148>About!$B$4,"Yes","No") -> No | R148: VL-1001 | S148: =IF(R148="","",INDEX($B$2:$B$231,MATCH(R148,$A$2:$A$231,0))&" "&INDEX($C$2:$C$231,MATCH(R148,$A$2:$A$231,0))) -> Simon Rasmussen | T148: Standard | U148: =H148&" | "&G148 -> Intellectual Property | Lawyer - Leadership
A149: VL-1094 | B149: Kavya | C149: Okonkwo | D149: kavya.okonkwo@vandelay.example | E149: Counsel | F149: L4 | G149: Lawyer - Mid | H149: Intellectual Property | J149: New York | K149: United States | L149: Americas - US | M149: HQ | N149: Hybrid | O149: 45835 | P149: =ROUND((About!$B$3-O149)/365.25,1) -> 1.2 | Q149: =IF(O149>About!$B$4,"Yes","No") -> Yes | R149: VL-1006 | S149: =IF(R149="","",INDEX($B$2:$B$231,MATCH(R149,$A$2:$A$231,0))&" "&INDEX($C$2:$C$231,MATCH(R149,$A$2:$A$231,0))) -> Leila Reyes | T149: Standard | U149: =H149&" | "&G149 -> Intellectual Property | Lawyer - Mid
A150: VL-1095 | B150: Andre | C150: Pereira | D150: andre.pereira@vandelay.example | E150: Counsel | F150: L4 | G150: Lawyer - Mid | H150: Intellectual Property | J150: Washington, DC | K150: United States | L150: Americas - US | M150: Regional office | N150: Remote | O150: 45454 | P150: =ROUND((About!$B$3-O150)/365.25,1) -> 2.2 | Q150: =IF(O150>About!$B$4,"Yes","No") -> Yes | R150: VL-1006 | S150: =IF(R150="","",INDEX($B$2:$B$231,MATCH(R150,$A$2:$A$231,0))&" "&INDEX($C$2:$C$231,MATCH(R150,$A$2:$A$231,0))) -> Leila Reyes | T150: Standard | U150: =H150&" | "&G150 -> Intellectual Property | Lawyer - Mid
A151: VL-1096 | B151: Zara | C151: Oyelaran | D151: zara.oyelaran@vandelay.example | E151: Counsel | F151: L4 | G151: Lawyer - Mid | H151: Intellectual Property | J151: New York | K151: United States | L151: Americas - US | M151: HQ | N151: Office | O151: 43753 | P151: =ROUND((About!$B$3-O151)/365.25,1) -> 6.9 | Q151: =IF(O151>About!$B$4,"Yes","No") -> No | R151: VL-1006 | S151: =IF(R151="","",INDEX($B$2:$B$231,MATCH(R151,$A$2:$A$231,0))&" "&INDEX($C$2:$C$231,MATCH(R151,$A$2:$A$231,0))) -> Leila Reyes | T151: Standard | U151: =H151&" | "&G151 -> Intellectual Property | Lawyer - Mid
A152: VL-1097 | B152: Camille | C152: Duarte | D152: camille.duarte@vandelay.example | E152: Attorney | F152: L5 | G152: Lawyer - Junior | H152: Intellectual Property | J152: San Francisco | K152: United States | L152: Americas - US | M152: Regional office | N152: Hybrid | O152: 46083 | P152: =ROUND((About!$B$3-O152)/365.25,1) -> 0.5 | Q152: =IF(O152>About!$B$4,"Yes","No") -> Yes | R152: VL-1006 | S152: =IF(R152="","",INDEX($B$2:$B$231,MATCH(R152,$A$2:$A$231,0))&" "&INDEX($C$2:$C$231,MATCH(R152,$A$2:$A$231,0))) -> Leila Reyes | T152: Standard | U152: =H152&" | "&G152 -> Intellectual Property | Lawyer - Junior
A153: VL-1098 | B153: Ines | C153: Okonkwo | D153: ines.okonkwo@vandelay.example | E153: Attorney | F153: L5 | G153: Lawyer - Junior | H153: Intellectual Property | J153: Chicago | K153: United States | L153: Americas - US | M153: Regional office | N153: Remote | O153: 44097 | P153: =ROUND((About!$B$3-O153)/365.25,1) -> 6 | Q153: =IF(O153>About!$B$4,"Yes","No") -> No | R153: VL-1006 | S153: =IF(R153="","",INDEX($B$2:$B$231,MATCH(R153,$A$2:$A$231,0))&" "&INDEX($C$2:$C$231,MATCH(R153,$A$2:$A$231,0))) -> Leila Reyes | T153: Standard | U153: =H153&" | "&G153 -> Intellectual Property | Lawyer - Junior
A154: VL-1099 | B154: Sienna | C154: Ferrer | D154: sienna.ferrer@vandelay.example | E154: Senior Counsel | F154: L3 | G154: Lawyer - Senior | H154: Intellectual Property | J154: New York | K154: United States | L154: Americas - US | M154: HQ | N154: Hybrid | O154: 45933 | P154: =ROUND((About!$B$3-O154)/365.25,1) -> 0.9 | Q154: =IF(O154>About!$B$4,"Yes","No") -> Yes | R154: VL-1006 | S154: =IF(R154="","",INDEX($B$2:$B$231,MATCH(R154,$A$2:$A$231,0))&" "&INDEX($C$2:$C$231,MATCH(R154,$A$2:$A$231,0))) -> Leila Reyes | T154: Standard | U154: =H154&" | "&G154 -> Intellectual Property | Lawyer - Senior
...

Sheet Taxonomy
A1: Practice groups | B1: Budgeted lawyer headcount FY2026 (incl. lead) | C1: Actual: lawyers | D1: Actual: all staff | E1: Notes
A2: Office of the General Counsel | B2: 1 | C2: =COUNTIFS(Roster!$H:$H,A2,Roster!$F:$F,"L*") -> 1 | D2: =COUNTIF(Roster!$H:$H,A2) -> 3
A3: Commercial & Transactions | B3: 32 | C3: =COUNTIFS(Roster!$H:$H,A3,Roster!$F:$F,"L*") -> 32 | D3: =COUNTIF(Roster!$H:$H,A3) -> 53 | E3: Largest group. Houses the Contracts team (paraprofessional).
A4: Litigation & Disputes | B4: 26 | C4: =COUNTIFS(Roster!$H:$H,A4,Roster!$F:$F,"L*") -> 26 | D4: =COUNTIF(Roster!$H:$H,A4) -> 49 | E4: Houses Paralegals and Litigation Support & eDiscovery. Heaviest DMS users.
A5: Regulatory & Trade Compliance | B5: 16 | C5: =COUNTIFS(Roster!$H:$H,A5,Roster!$F:$F,"L*") -> 16 | D5: =COUNTIF(Roster!$H:$H,A5) -> 23 | E5: Import/export company: trade, customs, sanctions. Lead sits in Washington, DC. Staff in Singapore and Mexico City.
A6: Employment & Labor | B6: 14 | C6: =COUNTIFS(Roster!$H:$H,A6,Roster!$F:$F,"L*") -> 14 | D6: =COUNTIF(Roster!$H:$H,A6) -> 18
A7: Intellectual Property | B7: 12 | C7: =COUNTIFS(Roster!$H:$H,A7,Roster!$F:$F,"L*") -> 12 | D7: =COUNTIF(Roster!$H:$H,A7) -> 16
A8: Privacy & Data Protection | B8: 12 | C8: =COUNTIFS(Roster!$H:$H,A8,Roster!$F:$F,"L*") -> 12 | D8: =COUNTIF(Roster!$H:$H,A8) -> 13 | E8: Lead sits in London. Staff in London and Dublin.
A9: Corporate, Securities & Governance | B9: 12 | C9: =COUNTIFS(Roster!$H:$H,A9,Roster!$F:$F,"L*") -> 12 | D9: =COUNTIF(Roster!$H:$H,A9) -> 16
A10: Real Estate, Environmental & Safety | B10: 10 | C10: =COUNTIFS(Roster!$H:$H,A10,Roster!$F:$F,"L*") -> 10 | D10: =COUNTIF(Roster!$H:$H,A10) -> 13
A11: Legal Operations | B11: 0 | C11: =COUNTIFS(Roster!$H:$H,A11,Roster!$F:$F,"L*") -> 0 | D11: =COUNTIF(Roster!$H:$H,A11) -> 26 | E11: Legal Operations, Legal Technology (incl. DMS Administrators), Records & IG, Vendor Management & e-Billing, Knowledge, Training & Enablement.
A13: Level codes | B13: Title(s) | C13: Level band | D13: Cohort use
A14: L1 | B14: General Counsel | C14: Lawyer - Leadership | D14: Cohort key = practice_group | level_band. Survey responses are anonymous and reported at cohort level; telemetry and training are per employee_id and roll up to the same cohorts.
A15: L2 | B15: Deputy General Counsel (practice lead) | C15: Lawyer - Leadership
A16: L3 | B16: Senior Counsel | C16: Lawyer - Senior
A17: L4 | B17: Counsel | C17: Lawyer - Mid
A18: L5 | B18: Attorney | C18: Lawyer - Junior
A19: P1 | B19: Paralegal Manager, Contracts Manager | C19: Paraprofessional - Lead
A20: P2 | B20: Paralegal, Contract Analyst, Litigation Support, eDiscovery, IP Docketing, Compliance Analyst | C20: Paraprofessional
A21: O1 | B21: Director / Managers in Legal Operations, Legal Technology, Records & IG | C21: Legal Ops - Leadership
A22: O2 | B22: Analysts, DMS Administrators, Records Specialists, Knowledge Manager, Training & Enablement Lead | C22: Legal Ops - Staff
A23: EA | B23: Executive Assistant | C23: Executive Assistant
A25: Locations | B25: Country | C25: Region | D25: Office type | E25: Actual headcount
A26: New York | B26: United States | C26: Americas - US | D26: HQ | E26: =COUNTIF(Roster!$J:$J,A26) -> 131
A27: Chicago | B27: United States | C27: Americas - US | D27: Regional office | E27: =COUNTIF(Roster!$J:$J,A27) -> 21
A28: Houston | B28: United States | C28: Americas - US | D28: Regional office | E28: =COUNTIF(Roster!$J:$J,A28) -> 13
A29: Washington, DC | B29: United States | C29: Americas - US | D29: Regional office | E29: =COUNTIF(Roster!$J:$J,A29) -> 13
A30: San Francisco | B30: United States | C30: Americas - US | D30: Regional office | E30: =COUNTIF(Roster!$J:$J,A30) -> 15
A31: Atlanta | B31: United States | C31: Americas - US | D31: Regional office | E31: =COUNTIF(Roster!$J:$J,A31) -> 8
A32: Los Angeles | B32: United States | C32: Americas - US | D32: Regional office | E32: =COUNTIF(Roster!$J:$J,A32) -> 4
A33: London | B33: United Kingdom | C33: EMEA | D33: International office | E33: =COUNTIF(Roster!$J:$J,A33) -> 12
A34: Dublin | B34: Ireland | C34: EMEA | D34: International office | E34: =COUNTIF(Roster!$J:$J,A34) -> 5
A35: Singapore | B35: Singapore | C35: APAC | D35: International office | E35: =COUNTIF(Roster!$J:$J,A35) -> 5
A36: Mexico City | B36: Mexico | C36: LATAM | D36: International office | E36: =COUNTIF(Roster!$J:$J,A36) -> 3

Sheet Summary
A1: Headcount by practice group and level band | B1: Lawyer - Leadership | C1: Lawyer - Senior | D1: Lawyer - Mid | E1: Lawyer - Junior | F1: Paraprofessional - Lead | G1: Paraprofessional | H1: Legal Ops - Leadership | I1: Legal Ops - Staff | J1: Executive Assistant | K1: Total
A2: Office of the General Counsel | B2: =COUNTIFS(Roster!$H:$H,$A2,Roster!$G:$G,B$1) -> 1 | C2: =COUNTIFS(Roster!$H:$H,$A2,Roster!$G:$G,C$1) -> 0 | D2: =COUNTIFS(Roster!$H:$H,$A2,Roster!$G:$G,D$1) -> 0 | E2: =COUNTIFS(Roster!$H:$H,$A2,Roster!$G:$G,E$1) -> 0 | F2: =COUNTIFS(Roster!$H:$H,$A2,Roster!$G:$G,F$1) -> 0 | G2: =COUNTIFS(Roster!$H:$H,$A2,Roster!$G:$G,G$1) -> 0 | H2: =COUNTIFS(Roster!$H:$H,$A2,Roster!$G:$G,H$1) -> 0 | I2: =COUNTIFS(Roster!$H:$H,$A2,Roster!$G:$G,I$1) -> 0 | J2: =COUNTIFS(Roster!$H:$H,$A2,Roster!$G:$G,J$1) -> 2 | K2: =SUM(B2:J2) -> 3
A3: Commercial & Transactions | B3: =COUNTIFS(Roster!$H:$H,$A3,Roster!$G:$G,B$1) -> 1 | C3: =COUNTIFS(Roster!$H:$H,$A3,Roster!$G:$G,C$1) -> 7 | D3: =COUNTIFS(Roster!$H:$H,$A3,Roster!$G:$G,D$1) -> 13 | E3: =COUNTIFS(Roster!$H:$H,$A3,Roster!$G:$G,E$1) -> 11 | F3: =COUNTIFS(Roster!$H:$H,$A3,Roster!$G:$G,F$1) -> 1 | G3: =COUNTIFS(Roster!$H:$H,$A3,Roster!$G:$G,G$1) -> 17 | H3: =COUNTIFS(Roster!$H:$H,$A3,Roster!$G:$G,H$1) -> 0 | I3: =COUNTIFS(Roster!$H:$H,$A3,Roster!$G:$G,I$1) -> 0 | J3: =COUNTIFS(Roster!$H:$H,$A3,Roster!$G:$G,J$1) -> 3 | K3: =SUM(B3:J3) -> 53
A4: Litigation & Disputes | B4: =COUNTIFS(Roster!$H:$H,$A4,Roster!$G:$G,B$1) -> 1 | C4: =COUNTIFS(Roster!$H:$H,$A4,Roster!$G:$G,C$1) -> 6 | D4: =COUNTIFS(Roster!$H:$H,$A4,Roster!$G:$G,D$1) -> 10 | E4: =COUNTIFS(Roster!$H:$H,$A4,Roster!$G:$G,E$1) -> 9 | F4: =COUNTIFS(Roster!$H:$H,$A4,Roster!$G:$G,F$1) -> 1 | G4: =COUNTIFS(Roster!$H:$H,$A4,Roster!$G:$G,G$1) -> 19 | H4: =COUNTIFS(Roster!$H:$H,$A4,Roster!$G:$G,H$1) -> 0 | I4: =COUNTIFS(Roster!$H:$H,$A4,Roster!$G:$G,I$1) -> 0 | J4: =COUNTIFS(Roster!$H:$H,$A4,Roster!$G:$G,J$1) -> 3 | K4: =SUM(B4:J4) -> 49
A5: Regulatory & Trade Compliance | B5: =COUNTIFS(Roster!$H:$H,$A5,Roster!$G:$G,B$1) -> 1 | C5: =COUNTIFS(Roster!$H:$H,$A5,Roster!$G:$G,C$1) -> 3 | D5: =COUNTIFS(Roster!$H:$H,$A5,Roster!$G:$G,D$1) -> 7 | E5: =COUNTIFS(Roster!$H:$H,$A5,Roster!$G:$G,E$1) -> 5 | F5: =COUNTIFS(Roster!$H:$H,$A5,Roster!$G:$G,F$1) -> 0 | G5: =COUNTIFS(Roster!$H:$H,$A5,Roster!$G:$G,G$1) -> 6 | H5: =COUNTIFS(Roster!$H:$H,$A5,Roster!$G:$G,H$1) -> 0 | I5: =COUNTIFS(Roster!$H:$H,$A5,Roster!$G:$G,I$1) -> 0 | J5: =COUNTIFS(Roster!$H:$H,$A5,Roster!$G:$G,J$1) -> 1 | K5: =SUM(B5:J5) -> 23
A6: Employment & Labor | B6: =COUNTIFS(Roster!$H:$H,$A6,Roster!$G:$G,B$1) -> 1 | C6: =COUNTIFS(Roster!$H:$H,$A6,Roster!$G:$G,C$1) -> 3 | D6: =COUNTIFS(Roster!$H:$H,$A6,Roster!$G:$G,D$1) -> 5 | E6: =COUNTIFS(Roster!$H:$H,$A6,Roster!$G:$G,E$1) -> 5 | F6: =COUNTIFS(Roster!$H:$H,$A6,Roster!$G:$G,F$1) -> 0 | G6: =COUNTIFS(Roster!$H:$H,$A6,Roster!$G:$G,G$1) -> 3 | H6: =COUNTIFS(Roster!$H:$H,$A6,Roster!$G:$G,H$1) -> 0 | I6: =COUNTIFS(Roster!$H:$H,$A6,Roster!$G:$G,I$1) -> 0 | J6: =COUNTIFS(Roster!$H:$H,$A6,Roster!$G:$G,J$1) -> 1 | K6: =SUM(B6:J6) -> 18
A7: Intellectual Property | B7: =COUNTIFS(Roster!$H:$H,$A7,Roster!$G:$G,B$1) -> 1 | C7: =COUNTIFS(Roster!$H:$H,$A7,Roster!$G:$G,C$1) -> 2 | D7: =COUNTIFS(Roster!$H:$H,$A7,Roster!$G:$G,D$1) -> 5 | E7: =COUNTIFS(Roster!$H:$H,$A7,Roster!$G:$G,E$1) -> 4 | F7: =COUNTIFS(Roster!$H:$H,$A7,Roster!$G:$G,F$1) -> 0 | G7: =COUNTIFS(Roster!$H:$H,$A7,Roster!$G:$G,G$1) -> 3 | H7: =COUNTIFS(Roster!$H:$H,$A7,Roster!$G:$G,H$1) -> 0 | I7: =COUNTIFS(Roster!$H:$H,$A7,Roster!$G:$G,I$1) -> 0 | J7: =COUNTIFS(Roster!$H:$H,$A7,Roster!$G:$G,J$1) -> 1 | K7: =SUM(B7:J7) -> 16
A8: Privacy & Data Protection | B8: =COUNTIFS(Roster!$H:$H,$A8,Roster!$G:$G,B$1) -> 1 | C8: =COUNTIFS(Roster!$H:$H,$A8,Roster!$G:$G,C$1) -> 2 | D8: =COUNTIFS(Roster!$H:$H,$A8,Roster!$G:$G,D$1) -> 5 | E8: =COUNTIFS(Roster!$H:$H,$A8,Roster!$G:$G,E$1) -> 4 | F8: =COUNTIFS(Roster!$H:$H,$A8,Roster!$G:$G,F$1) -> 0 | G8: =COUNTIFS(Roster!$H:$H,$A8,Roster!$G:$G,G$1) -> 0 | H8: =COUNTIFS(Roster!$H:$H,$A8,Roster!$G:$G,H$1) -> 0 | I8: =COUNTIFS(Roster!$H:$H,$A8,Roster!$G:$G,I$1) -> 0 | J8: =COUNTIFS(Roster!$H:$H,$A8,Roster!$G:$G,J$1) -> 1 | K8: =SUM(B8:J8) -> 13
A9: Corporate, Securities & Governance | B9: =COUNTIFS(Roster!$H:$H,$A9,Roster!$G:$G,B$1) -> 1 | C9: =COUNTIFS(Roster!$H:$H,$A9,Roster!$G:$G,C$1) -> 2 | D9: =COUNTIFS(Roster!$H:$H,$A9,Roster!$G:$G,D$1) -> 5 | E9: =COUNTIFS(Roster!$H:$H,$A9,Roster!$G:$G,E$1) -> 4 | F9: =COUNTIFS(Roster!$H:$H,$A9,Roster!$G:$G,F$1) -> 0 | G9: =COUNTIFS(Roster!$H:$H,$A9,Roster!$G:$G,G$1) -> 3 | H9: =COUNTIFS(Roster!$H:$H,$A9,Roster!$G:$G,H$1) -> 0 | I9: =COUNTIFS(Roster!$H:$H,$A9,Roster!$G:$G,I$1) -> 0 | J9: =COUNTIFS(Roster!$H:$H,$A9,Roster!$G:$G,J$1) -> 1 | K9: =SUM(B9:J9) -> 16
A10: Real Estate, Environmental & Safety | B10: =COUNTIFS(Roster!$H:$H,$A10,Roster!$G:$G,B$1) -> 1 | C10: =COUNTIFS(Roster!$H:$H,$A10,Roster!$G:$G,C$1) -> 2 | D10: =COUNTIFS(Roster!$H:$H,$A10,Roster!$G:$G,D$1) -> 4 | E10: =COUNTIFS(Roster!$H:$H,$A10,Roster!$G:$G,E$1) -> 3 | F10: =COUNTIFS(Roster!$H:$H,$A10,Roster!$G:$G,F$1) -> 0 | G10: =COUNTIFS(Roster!$H:$H,$A10,Roster!$G:$G,G$1) -> 2 | H10: =COUNTIFS(Roster!$H:$H,$A10,Roster!$G:$G,H$1) -> 0 | I10: =COUNTIFS(Roster!$H:$H,$A10,Roster!$G:$G,I$1) -> 0 | J10: =COUNTIFS(Roster!$H:$H,$A10,Roster!$G:$G,J$1) -> 1 | K10: =SUM(B10:J10) -> 13
A11: Legal Operations | B11: =COUNTIFS(Roster!$H:$H,$A11,Roster!$G:$G,B$1) -> 0 | C11: =COUNTIFS(Roster!$H:$H,$A11,Roster!$G:$G,C$1) -> 0 | D11: =COUNTIFS(Roster!$H:$H,$A11,Roster!$G:$G,D$1) -> 0 | E11: =COUNTIFS(Roster!$H:$H,$A11,Roster!$G:$G,E$1) -> 0 | F11: =COUNTIFS(Roster!$H:$H,$A11,Roster!$G:$G,F$1) -> 0 | G11: =COUNTIFS(Roster!$H:$H,$A11,Roster!$G:$G,G$1) -> 0 | H11: =COUNTIFS(Roster!$H:$H,$A11,Roster!$G:$G,H$1) -> 6 | I11: =COUNTIFS(Roster!$H:$H,$A11,Roster!$G:$G,I$1) -> 19 | J11: =COUNTIFS(Roster!$H:$H,$A11,Roster!$G:$G,J$1) -> 1 | K11: =SUM(B11:J11) -> 26
A12: Total | B12: =SUM(B2:B11) -> 9 | C12: =SUM(C2:C11) -> 27 | D12: =SUM(D2:D11) -> 54 | E12: =SUM(E2:E11) -> 45 | F12: =SUM(F2:F11) -> 2 | G12: =SUM(G2:G11) -> 53 | H12: =SUM(H2:H11) -> 6 | I12: =SUM(I2:I11) -> 19 | ... K12: =SUM(K2:K11) -> 230
A14: Headcount by location
A15: New York | B15: =COUNTIF(Roster!$J:$J,A15) -> 131
A16: Chicago | B16: =COUNTIF(Roster!$J:$J,A16) -> 21
A17: Houston | B17: =COUNTIF(Roster!$J:$J,A17) -> 13
A18: Washington, DC | B18: =COUNTIF(Roster!$J:$J,A18) -> 13
A19: San Francisco | B19: =COUNTIF(Roster!$J:$J,A19) -> 15
A20: Atlanta | B20: =COUNTIF(Roster!$J:$J,A20) -> 8
A21: Los Angeles | B21: =COUNTIF(Roster!$J:$J,A21) -> 4
A22: London | B22: =COUNTIF(Roster!$J:$J,A22) -> 12
A23: Dublin | B23: =COUNTIF(Roster!$J:$J,A23) -> 5
A24: Singapore | B24: =COUNTIF(Roster!$J:$J,A24) -> 5
A25: Mexico City | B25: =COUNTIF(Roster!$J:$J,A25) -> 3
A26: Total | B26: =SUM(B15:B25) -> 230
A28: Headcount checks
A29: Total roster rows | B29: =COUNTA(Roster!$A:$A)-1 -> 230
A30: Approved headcount FY2026 | B30: 230
A31: Joined after DMS go-live | B31: =COUNTIF(Roster!$Q:$Q,"Yes") -> 63
A32: Share joined after go-live | B32: =B31/B29 -> 0.27391304
A33: Overseas headcount (EMEA + APAC + LATAM) | B33: =COUNTIF(Roster!$L:$L,"EMEA")+COUNTIF(Roster!$L:$L,"APAC")+COUNTIF(Roster!$L:$L,"LATAM") -> 25
A34: DMS Admin role holders | B34: =COUNTIF(Roster!$T:$T,"Admin") -> 4

Sheet About
A1: Item | B1: Value / note
A2: Company | B2: Vandelay Industries, Inc. Legal Department roster export, all locations, as of the date below.
A3: As-of date | B3: 46274
A4: Archstone 9 relaunch training start | B4: 45383
A5: Current Archstone DMS term ends (Amendment No. 2) | B5: 46446
A6: Document management system | B6: Archstone DMS (vendor: Archstone Software, Inc.)
A7: Email domain | B7: vandelay.example (reserved domain; addresses do not resolve)
A8: Employee ID | B8: VL-1001 onward. HR identifier; also stamped on DMS accounts at provisioning, LMS records, and service-desk tickets.
A9: Cohort key | B9: practice_group | level_band. The Legal Technology Pulse Survey is anonymous and reports at this cohort level; usage and training records are per employee_id and roll up to the same key.
A10: Geography | B10: HQ New York. Regional US offices: Chicago, Houston, Washington DC, San Francisco, Atlanta, Los Angeles. International: London, Dublin, Singapore, Mexico City.
A11: Tenure | B11: hire_date is the HR date of hire. tenure_years is computed as of the as-of date. joined_after_relaunch flags staff hired after the Archstone 9 relaunch training began (April 2024).
A12: Formulas | B12: tenure_years, joined_after_relaunch, manager_name, cohort_key, and the counts on the Summary and Taxonomy sheets are live formulas.
