Workbook

Sheet Invoices
A1: invoice_number | B1: invoice_date | C1: service_period | D1: seats_billed | E1: rate_per_seat | F1: subscription_amount | G1: included_storage_gb | H1: storage_used_gb | I1: overage_gb | J1: overage_rate_per_gb | K1: overage_amount | L1: professional_services_desc | M1: professional_services_amount | N1: credit_desc | O1: credit_amount | P1: subtotal | Q1: tax | R1: total_due | S1: po_number | T1: status | U1: paid_date
A2: ARC-INV-202403-4410 | B2: 45352 | C2: 2024-03-01 to 2024-03-31 | D2: 240 | E2: 47.5 | F2: 11400 | G2: 5120 | H2: 4735 | I2: 0 | J2: 0.6 | K2: 0 | M2: 0 | O2: 0 | P2: 11400 | Q2: 0 | R2: 11400 | S2: PO-LGL-2024-0187 | T2: Paid | U2: 45388
A3: ARC-INV-202404-4411 | B3: 45383 | C3: 2024-04-01 to 2024-04-30 | D3: 240 | E3: 47.5 | F3: 11400 | G3: 5120 | H3: 4826 | I3: 0 | J3: 0.6 | K3: 0 | M3: 0 | O3: 0 | P3: 11400 | Q3: 0 | R3: 11400 | S3: PO-LGL-2024-0187 | T3: Paid | U3: 45419
A4: ARC-INV-202405-4412 | B4: 45413 | C4: 2024-05-01 to 2024-05-31 | D4: 240 | E4: 47.5 | F4: 11400 | G4: 5120 | H4: 4902 | I4: 0 | J4: 0.6 | K4: 0 | M4: 0 | O4: 0 | P4: 11400 | Q4: 0 | R4: 11400 | S4: PO-LGL-2024-0187 | T4: Paid | U4: 45449
A5: ARC-INV-202406-4413 | B5: 45444 | C5: 2024-06-01 to 2024-06-30 | D5: 240 | E5: 47.5 | F5: 11400 | G5: 5120 | H5: 4988 | I5: 0 | J5: 0.6 | K5: 0 | M5: 0 | O5: 0 | P5: 11400 | Q5: 0 | R5: 11400 | S5: PO-LGL-2024-0187 | T5: Paid | U5: 45479
A6: ARC-INV-202407-4414 | B6: 45474 | C6: 2024-07-01 to 2024-07-31 | D6: 240 | E6: 47.5 | F6: 11400 | G6: 5120 | H6: 5081 | I6: 0 | J6: 0.6 | K6: 0 | M6: 0 | O6: 0 | P6: 11400 | Q6: 0 | R6: 11400 | S6: PO-LGL-2024-0187 | T6: Paid | U6: 45503
A7: ARC-INV-202408-4415 | B7: 45505 | C7: 2024-08-01 to 2024-08-31 | D7: 240 | E7: 47.5 | F7: 11400 | G7: 5120 | H7: 5180 | I7: 60 | J7: 0.6 | K7: 36 | M7: 0 | O7: 0 | P7: 11436 | Q7: 0 | R7: 11436 | S7: PO-LGL-2024-0187 | T7: Paid | U7: 45535
A8: ARC-INV-202409-4416 | B8: 45536 | C8: 2024-09-01 to 2024-09-30 | D8: 240 | E8: 47.5 | F8: 11400 | G8: 5120 | H8: 5256 | I8: 136 | J8: 0.6 | K8: 81.6 | M8: 0 | O8: 0 | P8: 11481.6 | Q8: 0 | R8: 11481.6 | S8: PO-LGL-2024-0187 | T8: Paid | U8: 45563
A9: ARC-INV-202410-4417 | B9: 45566 | C9: 2024-10-01 to 2024-10-31 | D9: 240 | E9: 47.5 | F9: 11400 | G9: 5120 | H9: 5346 | I9: 226 | J9: 0.6 | K9: 135.6 | L9: Data cleanup and re-indexing services (T&M) - 28 hrs @ $350 | M9: 9800 | O9: 0 | P9: 21335.6 | Q9: 0 | R9: 21335.6 | S9: PO-LGL-2024-0187 | T9: Paid | U9: 45599
A10: ARC-INV-202411-4418 | B10: 45597 | C10: 2024-11-01 to 2024-11-30 | D10: 240 | E10: 47.5 | F10: 11400 | G10: 5120 | H10: 5421 | I10: 301 | J10: 0.6 | K10: 180.6 | M10: 0 | O10: 0 | P10: 11580.6 | Q10: 0 | R10: 11580.6 | S10: PO-LGL-2024-0187 | T10: Paid | U10: 45635
A11: ARC-INV-202412-4419 | B11: 45627 | C11: 2024-12-01 to 2024-12-31 | D11: 240 | E11: 47.5 | F11: 11400 | G11: 5120 | H11: 5503 | I11: 383 | J11: 0.6 | K11: 229.8 | M11: 0 | O11: 0 | P11: 11629.8 | Q11: 0 | R11: 11629.8 | S11: PO-LGL-2024-0187 | T11: Paid | U11: 45651
A12: ARC-INV-202501-4420 | B12: 45658 | C12: 2025-01-01 to 2025-01-31 | D12: 240 | E12: 47.5 | F12: 11400 | G12: 5120 | H12: 5596 | I12: 476 | J12: 0.6 | K12: 285.6 | M12: 0 | O12: 0 | P12: 11685.6 | Q12: 0 | R12: 11685.6 | S12: PO-LGL-2024-0187 | T12: Paid | U12: 45685
A13: ARC-INV-202502-4421 | B13: 45689 | C13: 2025-02-01 to 2025-02-28 | D13: 240 | E13: 47.5 | F13: 11400 | G13: 5120 | H13: 5688 | I13: 568 | J13: 0.6 | K13: 340.8 | M13: 0 | O13: 0 | P13: 11740.8 | Q13: 0 | R13: 11740.8 | S13: PO-LGL-2024-0187 | T13: Paid | U13: 45714
A14: ARC-INV-202503-4422 | B14: 45717 | C14: 2025-03-01 to 2025-03-31 | D14: 240 | E14: 48.93 | F14: 11743.2 | G14: 5120 | H14: 5767 | I14: 647 | J14: 0.6 | K14: 388.2 | M14: 0 | O14: 0 | P14: 12131.4 | Q14: 0 | R14: 12131.4 | S14: PO-LGL-2024-0187 | T14: Paid | U14: 45750
A15: ARC-INV-202504-4423 | B15: 45748 | C15: 2025-04-01 to 2025-04-30 | D15: 240 | E15: 48.93 | F15: 11743.2 | G15: 5120 | H15: 5857 | I15: 737 | J15: 0.6 | K15: 442.2 | M15: 0 | O15: 0 | P15: 12185.4 | Q15: 0 | R15: 12185.4 | S15: PO-LGL-2024-0187 | T15: Paid | U15: 45787
A16: ARC-INV-202505-4424 | B16: 45778 | C16: 2025-05-01 to 2025-05-31 | D16: 240 | E16: 48.93 | F16: 11743.2 | G16: 5120 | H16: 5930 | I16: 810 | J16: 0.6 | K16: 486 | M16: 0 | O16: 0 | P16: 12229.2 | Q16: 0 | R16: 12229.2 | S16: PO-LGL-2024-0187 | T16: Paid | U16: 45803
A17: ARC-INV-202506-4425 | B17: 45809 | C17: 2025-06-01 to 2025-06-30 | D17: 240 | E17: 48.93 | F17: 11743.2 | G17: 5120 | H17: 6010 | I17: 890 | J17: 0.6 | K17: 534 | M17: 0 | O17: 0 | P17: 12277.2 | Q17: 0 | R17: 12277.2 | S17: PO-LGL-2024-0187 | T17: Paid | U17: 45837
A18: ARC-INV-202507-4426 | B18: 45839 | C18: 2025-07-01 to 2025-07-31 | D18: 240 | E18: 48.93 | F18: 11743.2 | G18: 5120 | H18: 6104 | I18: 984 | J18: 0.6 | K18: 590.4 | M18: 0 | O18: 0 | P18: 12333.6 | Q18: 0 | R18: 12333.6 | S18: PO-LGL-2024-0187 | T18: Paid | U18: 45871
A19: ARC-INV-202508-4427 | B19: 45870 | C19: 2025-08-01 to 2025-08-31 | D19: 240 | E19: 48.93 | F19: 11743.2 | G19: 5120 | H19: 6180 | I19: 1060 | J19: 0.6 | K19: 636 | M19: 0 | O19: 0 | P19: 12379.2 | Q19: 0 | R19: 12379.2 | S19: PO-LGL-2024-0187 | T19: Paid | U19: 45909
A20: ARC-INV-202509-4428 | B20: 45901 | C20: 2025-09-01 to 2025-09-30 | D20: 240 | E20: 48.93 | F20: 11743.2 | G20: 6144 | H20: 6298 | I20: 154 | J20: 0.6 | K20: 92.4 | M20: 0 | O20: 0 | P20: 11835.6 | Q20: 0 | R20: 11835.6 | S20: PO-LGL-2024-0187 | T20: Paid | U20: 45928
A21: ARC-INV-202510-4429 | B21: 45931 | C21: 2025-10-01 to 2025-10-31 | D21: 240 | E21: 48.93 | F21: 11743.2 | G21: 6144 | H21: 6406 | I21: 262 | J21: 0.6 | K21: 157.2 | M21: 0 | O21: 0 | P21: 11900.4 | Q21: 0 | R21: 11900.4 | S21: PO-LGL-2024-0187 | T21: Paid | U21: 45960
A22: ARC-INV-202511-4430 | B22: 45962 | C22: 2025-11-01 to 2025-11-30 | D22: 240 | E22: 48.93 | F22: 11743.2 | G22: 6144 | H22: 6534 | I22: 390 | J22: 0.6 | K22: 234 | M22: 0 | O22: 0 | P22: 11977.2 | Q22: 0 | R22: 11977.2 | S22: PO-LGL-2024-0187 | T22: Paid | U22: 45994
A23: ARC-INV-202512-4431 | B23: 45992 | C23: 2025-12-01 to 2025-12-31 | D23: 240 | E23: 48.93 | F23: 11743.2 | G23: 6144 | H23: 6647 | I23: 503 | J23: 0.6 | K23: 301.8 | M23: 0 | N23: Goodwill service credit (ref. INC-2025-1112) | O23: -1500 | P23: 10545 | Q23: 0 | R23: 10545 | S23: PO-LGL-2024-0187 | T23: Paid | U23: 46016
A24: ARC-INV-202601-4432 | B24: 46023 | C24: 2026-01-01 to 2026-01-31 | D24: 240 | E24: 48.93 | F24: 11743.2 | G24: 6144 | H24: 6754 | I24: 610 | J24: 0.6 | K24: 366 | M24: 0 | O24: 0 | P24: 12109.2 | Q24: 0 | R24: 12109.2 | S24: PO-LGL-2026-0042 | T24: Paid | U24: 46057
A25: ARC-INV-202602-4433 | B25: 46054 | C25: 2026-02-01 to 2026-02-28 | D25: 240 | E25: 48.93 | F25: 11743.2 | G25: 6144 | H25: 6892 | I25: 748 | J25: 0.6 | K25: 448.8 | M25: 0 | O25: 0 | P25: 12192 | Q25: 0 | R25: 12192 | S25: PO-LGL-2026-0042 | T25: Paid | U25: 46088
A26: ARC-INV-202603-4434 | B26: 46082 | C26: 2026-03-01 to 2026-03-31 | D26: 240 | E26: 50.39 | F26: 12093.6 | G26: 6144 | H26: 6992 | I26: 848 | J26: 0.6 | K26: 508.8 | M26: 0 | O26: 0 | P26: 12602.4 | Q26: 0 | R26: 12602.4 | S26: PO-LGL-2026-0042 | T26: Paid | U26: 46123
A27: ARC-INV-202604-4435 | B27: 46113 | C27: 2026-04-01 to 2026-04-30 | D27: 240 | E27: 50.39 | F27: 12093.6 | G27: 6144 | H27: 7122 | I27: 978 | J27: 0.6 | K27: 586.8 | M27: 0 | O27: 0 | P27: 12680.4 | Q27: 0 | R27: 12680.4 | S27: PO-LGL-2026-0042 | T27: Paid | U27: 46147
A28: ARC-INV-202605-4436 | B28: 46143 | C28: 2026-05-01 to 2026-05-31 | D28: 240 | E28: 50.39 | F28: 12093.6 | G28: 6144 | H28: 7238 | I28: 1094 | J28: 0.6 | K28: 656.4 | M28: 0 | O28: 0 | P28: 12750 | Q28: 0 | R28: 12750 | S28: PO-LGL-2026-0042 | T28: Paid | U28: 46174
A29: ARC-INV-202606-4437 | B29: 46174 | C29: 2026-06-01 to 2026-06-30 | D29: 240 | E29: 50.39 | F29: 12093.6 | G29: 6144 | H29: 7348 | I29: 1204 | J29: 0.6 | K29: 722.4 | M29: 0 | O29: 0 | P29: 12816 | Q29: 0 | R29: 12816 | S29: PO-LGL-2026-0042 | T29: Paid | U29: 46206
A30: ARC-INV-202607-4438 | B30: 46204 | C30: 2026-07-01 to 2026-07-31 | D30: 240 | E30: 50.39 | F30: 12093.6 | G30: 6144 | H30: 7479 | I30: 1335 | J30: 0.6 | K30: 801 | M30: 0 | O30: 0 | P30: 12894.6 | Q30: 0 | R30: 12894.6 | S30: PO-LGL-2026-0042 | T30: Paid | U30: 46238
A31: ARC-INV-202608-4439 | B31: 46235 | C31: 2026-08-01 to 2026-08-31 | D31: 240 | E31: 50.39 | F31: 12093.6 | G31: 6144 | H31: 7596 | I31: 1452 | J31: 0.6 | K31: 871.2 | M31: 0 | O31: 0 | P31: 12964.8 | Q31: 0 | R31: 12964.8 | S31: PO-LGL-2026-0042 | T31: Paid | U31: 46265

Sheet Summary
A1: Contract year | B1: Period | C1: Subscription | D1: Storage overage | E1: Professional services | F1: Credits | G1: Total
A2: Year 1 | B2: 2024-03-01 to 2025-02-28 | C2: =SUMIFS(Invoices!F$2:F$31,Invoices!$B$2:$B$31,">="&DATE(2024,3,1),Invoices!$B$2:$B$31,"<="&DATE(2025,2,28)) -> 136800 | D2: =SUMIFS(Invoices!K$2:K$31,Invoices!$B$2:$B$31,">="&DATE(2024,3,1),Invoices!$B$2:$B$31,"<="&DATE(2025,2,28)) -> 1290 | E2: =SUMIFS(Invoices!M$2:M$31,Invoices!$B$2:$B$31,">="&DATE(2024,3,1),Invoices!$B$2:$B$31,"<="&DATE(2025,2,28)) -> 9800 | F2: =SUMIFS(Invoices!O$2:O$31,Invoices!$B$2:$B$31,">="&DATE(2024,3,1),Invoices!$B$2:$B$31,"<="&DATE(2025,2,28)) -> 0 | G2: =SUMIFS(Invoices!R$2:R$31,Invoices!$B$2:$B$31,">="&DATE(2024,3,1),Invoices!$B$2:$B$31,"<="&DATE(2025,2,28)) -> 147890
A3: Year 2 | B3: 2025-03-01 to 2026-02-28 | C3: =SUMIFS(Invoices!F$2:F$31,Invoices!$B$2:$B$31,">="&DATE(2025,3,1),Invoices!$B$2:$B$31,"<="&DATE(2026,2,28)) -> 140918.4 | D3: =SUMIFS(Invoices!K$2:K$31,Invoices!$B$2:$B$31,">="&DATE(2025,3,1),Invoices!$B$2:$B$31,"<="&DATE(2026,2,28)) -> 4677 | E3: =SUMIFS(Invoices!M$2:M$31,Invoices!$B$2:$B$31,">="&DATE(2025,3,1),Invoices!$B$2:$B$31,"<="&DATE(2026,2,28)) -> 0 | F3: =SUMIFS(Invoices!O$2:O$31,Invoices!$B$2:$B$31,">="&DATE(2025,3,1),Invoices!$B$2:$B$31,"<="&DATE(2026,2,28)) -> -1500 | G3: =SUMIFS(Invoices!R$2:R$31,Invoices!$B$2:$B$31,">="&DATE(2025,3,1),Invoices!$B$2:$B$31,"<="&DATE(2026,2,28)) -> 144095.4
A4: Year 3 (to date) | B4: 2026-03-01 to 2026-08-31 | C4: =SUMIFS(Invoices!F$2:F$31,Invoices!$B$2:$B$31,">="&DATE(2026,3,1),Invoices!$B$2:$B$31,"<="&DATE(2026,8,31)) -> 72561.6 | D4: =SUMIFS(Invoices!K$2:K$31,Invoices!$B$2:$B$31,">="&DATE(2026,3,1),Invoices!$B$2:$B$31,"<="&DATE(2026,8,31)) -> 4146.6 | E4: =SUMIFS(Invoices!M$2:M$31,Invoices!$B$2:$B$31,">="&DATE(2026,3,1),Invoices!$B$2:$B$31,"<="&DATE(2026,8,31)) -> 0 | F4: =SUMIFS(Invoices!O$2:O$31,Invoices!$B$2:$B$31,">="&DATE(2026,3,1),Invoices!$B$2:$B$31,"<="&DATE(2026,8,31)) -> 0 | G4: =SUMIFS(Invoices!R$2:R$31,Invoices!$B$2:$B$31,">="&DATE(2026,3,1),Invoices!$B$2:$B$31,"<="&DATE(2026,8,31)) -> 76708.2
A5: Total to date | C5: =SUM(C2:C4) -> 350280 | D5: =SUM(D2:D4) -> 10113.6 | E5: =SUM(E2:E4) -> 9800 | F5: =SUM(F2:F4) -> -1500 | G5: =SUM(G2:G4) -> 368693.6
A7: Current monthly run-rate (Aug 2026) | C7: =Invoices!F31 -> 12093.6 | D7: =Invoices!K31 -> 871.2 | G7: =Invoices!R31 -> 12964.8
A8: Storage used Aug 2026 (GB) vs included | C8: =Invoices!H31 -> 7596 | D8: =Invoices!G31 -> 6144
A9: Overage growth: Year 2 vs Year 1 | C9: =IFERROR(D3/D2-1,"") -> 2.6255814

Sheet AP Notes
A1: Item | B1: Note
A2: Source | B2: Vandelay Accounts Payable export, vendor 'Archstone Software Inc', Mar 2024 to Aug 2026. Pulled 2026-09-03 by e-Billing & Vendor Analyst, Legal Operations.
A3: Terms | B3: Monthly in advance, net 30, per Amendment 2. Seats billed = provisioned seats per the tenant, not active users.
A4: Escalator | B4: 3% applied on 1 March 2025 and 1 March 2026 per Amendment 2 §3.
A5: Professional services | B5: The October 2024 charge references no statement of work. Legal Ops has no record of approving it; it was paid against the standing PO.
A6: Credits | B6: The December 2025 goodwill credit followed the November outage. No service-level credit was claimed under Exhibit B; the 30-day claim window had passed.
A7: Tax | B7: Vandelay holds a resale/exemption certificate on file with the vendor; tax is invoiced at zero.
