Workbook

Sheet Responses
A1: response_id | B1: submitted | C1: cohort_key | D1: region | E1: tenure_band | F1: q1_finding_documents | G1: q2_outlook_filing | H1: q3_mobile_access | I1: q4_search_quality | J1: q5_speed_performance | K1: q6_support_responsiveness | L1: q7_training_adequacy | M1: q8_overall_satisfaction | N1: recommend_0_10 | O1: understands_insight_ai | P1: what_works_well | Q1: what_is_lacking
A2: R0001 | B2: 46210 | C2: Regulatory & Trade Compliance | Lawyer - Junior | D2: US | E2: 5 to 10 years | F2: 3 | G2: 3 | H2: 2 | I2: 3 | J2: 4 | K2: 2 | L2: 2 | M2: 4 | N2: 6 | O2: No / unsure | Q2: Filing email is more clicks than it should be, so I do not do it.
A3: R0002 | B3: 46222 | C3: Privacy & Data Protection | Lawyer - Senior | D3: US | E3: Under 2 years | F3: 3 | G3: 2 | H3: 2 | I3: 3 | J3: 2 | K3: 1 | L3: 1 | M3: 3 | N3: 4 | O3: Yes | Q3: I was never trained on the new version. I taught myself and I am sure I am doing it wrong.
A4: R0003 | B4: 46213 | C4: Employment & Labor | Lawyer - Mid | D4: US | E4: Under 2 years | F4: 1 | G4: 1 | H4: 2 | I4: 1 | J4: 2 | K4: 2 | L4: 1 | M4: 2 | N4: 1 | O4: No / unsure | Q4: Onboarding gave me a login and a link to a video. That was it.
A5: R0004 | B5: 46225 | C5: Privacy & Data Protection | Lawyer - Mid | D5: UK/Ireland | E5: 2 to 5 years | F5: 3 | G5: 3 | H5: 3 | I5: 4 | J5: 2 | K5: 3 | L5: 3 | M5: 3 | N5: 4 | O5: Yes | P5: Works for what I need, which is not much. | Q5: Painfully slow from the London office in the afternoon.
A6: R0005 | B6: 46215 | C6: Corporate, Securities & Governance | Lawyer - Junior | D6: US | E6: 10+ years | F6: 2 | G6: 3 | H6: 2 | I6: 1 | J6: 3 | K6: 1 | L6: 1 | M6: 1 | N6: 3 | O6: Yes | Q6: I was never trained on the new version. I taught myself and I am sure I am doing it wrong.
A7: R0006 | B7: 46217 | C7: Commercial & Transactions | Lawyer - Mid | D7: US | E7: 2 to 5 years | F7: 4 | G7: 1 | H7: 2 | I7: 2 | J7: 3 | K7: 3 | L7: 2 | M7: 2 | N7: 5 | O7: Yes | P7: The mobile app is good enough for reading on the train. | Q7: Nobody in Employment uses it consistently, so half the file is in email anyway.
A8: R0007 | B8: 46225 | C8: Legal Operations | Legal Ops - Staff | D8: US | E8: 10+ years | F8: 3 | G8: 2 | H8: 2 | I8: 3 | J8: 3 | K8: 3 | L8: 3 | M8: 3 | N8: 6 | O8: No / unsure | Q8: I was never trained on the new version. I taught myself and I am sure I am doing it wrong.
A9: R0008 | B9: 46209 | C9: Litigation & Disputes | Lawyer - Senior | D9: US | E9: 2 to 5 years | F9: 4 | G9: 3 | H9: 3 | I9: 3 | J9: 5 | K9: 4 | L9: 3 | M9: 3 | N9: 9 | O9: Yes | P9: Works for what I need, which is not much. | Q9: The March search problem lasted three days and we had a filing deadline.
A10: R0009 | B10: 46216 | C10: Corporate, Securities & Governance | Lawyer - Mid | D10: US | E10: 10+ years | F10: 4 | G10: 3 | H10: 4 | I10: 2 | J10: 3 | K10: 4 | L10: 2 | M10: 2 | N10: 6 | O10: No / unsure | P10: Adequate. | Q10: I was never trained on the new version. I taught myself and I am sure I am doing it wrong.
A11: R0010 | B11: 46225 | C11: Commercial & Transactions | Executive Assistant | D11: US | E11: Under 2 years | F11: 4 | G11: 5 | H11: 4 | I11: 3 | J11: 4 | K11: 3 | L11: 2 | M11: 5 | N11: 6 | O11: No / unsure | P11: The mobile app is good enough for reading on the train.
A12: R0011 | B12: 46220 | C12: Commercial & Transactions | Lawyer - Mid | D12: US | E12: Under 2 years | F12: 2 | G12: 4 | H12: 3 | I12: 3 | J12: 3 | K12: 2 | L12: 2 | M12: 3 | N12: 6 | O12: Yes | Q12: Support used to respond the same day. Now it is a week.
A13: R0012 | B13: 46214 | C13: Commercial & Transactions | Lawyer - Junior | D13: US | E13: 5 to 10 years | F13: 5 | G13: 3 | H13: 4 | I13: 3 | J13: 3 | K13: 2 | L13: 3 | M13: 4 | N13: 6 | O13: Yes | P13: Fine. | Q13: Search is unpredictable. I usually end up asking a paralegal.
A14: R0013 | B14: 46213 | C14: Commercial & Transactions | Lawyer - Mid | D14: US | E14: Under 2 years | F14: 3 | G14: 4 | H14: 2 | I14: 2 | J14: 2 | K14: 1 | L14: 1 | M14: 2 | N14: 4 | O14: No / unsure | Q14: I was never trained on the new version. I taught myself and I am sure I am doing it wrong.
A15: R0014 | B15: 46214 | C15: Regulatory & Trade Compliance | Paraprofessional | D15: US | E15: Under 2 years | F15: 4 | G15: 3 | H15: 3 | I15: 1 | J15: 3 | K15: 4 | L15: 2 | M15: 4 | N15: 4 | O15: Yes | P15: Works for what I need, which is not much. | Q15: Onboarding gave me a login and a link to a video. That was it.
A16: R0015 | B16: 46225 | C16: Real Estate, Environmental & Safety | Lawyer - Senior | D16: US | E16: 2 to 5 years | F16: 2 | G16: 2 | H16: 1 | I16: 1 | J16: 1 | K16: 1 | L16: 1 | M16: 1 | N16: 0 | O16: Yes | Q16: I still do not understand what the AI feature is supposed to do.
A17: R0016 | B17: 46215 | C17: Litigation & Disputes | Paraprofessional | D17: US | E17: Under 2 years | F17: 4 | G17: 4 | H17: 3 | I17: 4 | J17: 4 | K17: 2 | L17: 2 | M17: 4 | N17: 7 | O17: No / unsure | P17: Fine. | Q17: Onboarding gave me a login and a link to a video. That was it.
A18: R0017 | B18: 46211 | C18: Litigation & Disputes | Paraprofessional | D18: US | E18: 5 to 10 years | F18: 4 | G18: 3 | H18: 3 | I18: 3 | J18: 4 | K18: 5 | L18: 3 | M18: 5 | N18: 8 | O18: Yes | P18: Version control has saved me more than once.
A19: R0018 | B19: 46213 | C19: Litigation & Disputes | Lawyer - Senior | D19: US | E19: 2 to 5 years | F19: 4 | G19: 5 | H19: 5 | I19: 3 | J19: 4 | K19: 3 | L19: 4 | M19: 4 | N19: 8 | O19: Yes | P19: Sharing a workspace with outside counsel saves us hours every week.
A20: R0019 | B20: 46224 | C20: Commercial & Transactions | Lawyer - Senior | D20: US | E20: 10+ years | F20: 3 | G20: 4 | H20: 4 | I20: 3 | J20: 3 | K20: 4 | L20: 2 | M20: 3 | N20: 6 | O20: No / unsure | P20: Fine. | Q20: Support used to respond the same day. Now it is a week.
A21: R0020 | B21: 46221 | C21: Employment & Labor | Lawyer - Junior | D21: US | E21: 10+ years | F21: 3 | G21: 2 | H21: 2 | I21: 2 | J21: 1 | K21: 1 | L21: 2 | M21: 2 | N21: 1 | O21: No / unsure | Q21: I was never trained on the new version. I taught myself and I am sure I am doing it wrong.
A22: R0021 | B22: 46220 | C22: Privacy & Data Protection | Lawyer - Leadership | D22: UK/Ireland | E22: 10+ years | F22: 3 | G22: 4 | H22: 3 | I22: 3 | J22: 3 | K22: 2 | L22: 4 | M22: 3 | N22: 5 | O22: Yes | P22: It does the job. | Q22: Painfully slow from the London office in the afternoon.
A23: R0022 | B23: 46218 | C23: Intellectual Property | Paraprofessional | D23: US | E23: 10+ years | F23: 4 | G23: 5 | H23: 4 | I23: 4 | J23: 4 | K23: 3 | L23: 3 | M23: 4 | N23: 6 | O23: No / unsure | P23: Search is fine once you learn the filters.
A24: R0023 | B24: 46226 | C24: Commercial & Transactions | Paraprofessional | D24: US | E24: 10+ years | F24: 4 | G24: 4 | H24: 4 | I24: 4 | J24: 4 | K24: 4 | L24: 4 | M24: 4 | N24: 7 | O24: Yes | P24: Version control has saved me more than once. | Q24: The March search problem lasted three days and we had a filing deadline.
A25: R0024 | B25: 46218 | C25: Employment & Labor | Lawyer - Junior | D25: US | E25: 10+ years | F25: 2 | G25: 3 | H25: 2 | I25: 3 | J25: 3 | K25: 1 | L25: 1 | M25: 2 | N25: 3 | O25: Yes | Q25: Singapore latency makes large documents unusable in the morning.
A26: R0025 | B26: 46214 | C26: Office of the General Counsel | Executive Assistant | D26: US | E26: 5 to 10 years | F26: 4 | G26: 4 | H26: 5 | I26: 3 | J26: 3 | K26: 3 | L26: 5 | M26: 5 | N26: 7 | O26: Yes | P26: Version control has saved me more than once. | Q26: Search is unpredictable. I usually end up asking a paralegal.
A27: R0026 | B27: 46219 | C27: Corporate, Securities & Governance | Executive Assistant | D27: US | E27: 5 to 10 years | F27: 5 | G27: 4 | H27: 4 | I27: 3 | J27: 3 | K27: 4 | L27: 4 | M27: 4 | N27: 7 | O27: No / unsure | P27: Outlook filing is the best part. One click and the email is on the matter.
A28: R0027 | B28: 46216 | C28: Commercial & Transactions | Executive Assistant | D28: US | E28: Under 2 years | F28: 4 | G28: 3 | H28: 4 | I28: 3 | J28: 2 | K28: 2 | L28: 2 | M28: 4 | N28: 4 | O28: No / unsure | P28: It does the job. | Q28: Singapore latency makes large documents unusable in the morning.
A29: R0028 | B29: 46216 | C29: Commercial & Transactions | Lawyer - Leadership | D29: US | E29: 10+ years | F29: 4 | G29: 4 | H29: 3 | I29: 4 | J29: 4 | K29: 3 | L29: 4 | M29: 4 | N29: 6 | O29: No / unsure | P29: Sharing a workspace with outside counsel saves us hours every week. | Q29: I would use it more if I knew what I was doing in it.
A30: R0029 | B30: 46209 | C30: Commercial & Transactions | Paraprofessional | D30: US | E30: Under 2 years | F30: 3 | G30: 4 | H30: 4 | I30: 4 | J30: 3 | K30: 3 | L30: 1 | M30: 4 | N30: 6 | O30: No / unsure | P30: Works for what I need, which is not much. | Q30: Painfully slow from the London office in the afternoon.
A31: R0030 | B31: 46223 | C31: Legal Operations | Legal Ops - Staff | D31: US | E31: 2 to 5 years | F31: 5 | G31: 3 | H31: 4 | I31: 4 | J31: 4 | K31: 1 | L31: 3 | M31: 4 | N31: 6 | O31: Yes | P31: Fine. | Q31: I was never trained on the new version. I taught myself and I am sure I am doing it wrong.
A32: R0031 | B32: 46215 | C32: Legal Operations | Legal Ops - Staff | D32: US | E32: 10+ years | F32: 5 | G32: 3 | H32: 3 | I32: 4 | J32: 5 | K32: 4 | L32: 3 | M32: 4 | N32: 7 | O32: No / unsure | P32: The paralegals have this dialed in. Follow their folder conventions and everything is easy.
A33: R0032 | B33: 46223 | C33: Litigation & Disputes | Lawyer - Junior | D33: US | E33: Under 2 years | F33: 2 | G33: 2 | H33: 3 | I33: 3 | J33: 3 | K33: 2 | L33: 2 | M33: 3 | N33: 4 | O33: No / unsure | Q33: The mobile app logs me out constantly.
A34: R0033 | B34: 46221 | C34: Legal Operations | Legal Ops - Leadership | D34: US | E34: 5 to 10 years | F34: 3 | G34: 3 | H34: 3 | I34: 3 | J34: 5 | K34: 4 | L34: 3 | M34: 3 | N34: 6 | O34: Yes | P34: Adequate. | Q34: The March search problem lasted three days and we had a filing deadline.
A35: R0034 | B35: 46226 | C35: Legal Operations | Legal Ops - Leadership | D35: US | E35: 5 to 10 years | F35: 4 | G35: 3 | H35: 4 | I35: 4 | J35: 4 | K35: 3 | L35: 1 | M35: 4 | N35: 7 | O35: No / unsure | P35: Works for what I need, which is not much. | Q35: Search is unpredictable. I usually end up asking a paralegal.
A36: R0035 | B36: 46217 | C36: Corporate, Securities & Governance | Paraprofessional | D36: US | E36: Under 2 years | F36: 3 | G36: 4 | H36: 3 | I36: 2 | J36: 3 | K36: 1 | L36: 1 | M36: 3 | N36: 4 | O36: No / unsure | P36: Reliable, except for that outage in November. | Q36: It went down for most of a day last November and nobody told us why.
A37: R0036 | B37: 46212 | C37: Commercial & Transactions | Lawyer - Mid | D37: US | E37: 10+ years | F37: 4 | G37: 3 | H37: 3 | I37: 2 | J37: 4 | K37: 4 | L37: 3 | M37: 4 | N37: 6 | O37: No / unsure | P37: Adequate. | Q37: I still do not understand what the AI feature is supposed to do.
A38: R0037 | B38: 46210 | C38: Commercial & Transactions | Lawyer - Mid | D38: US | E38: 5 to 10 years | F38: 5 | G38: 3 | H38: 2 | I38: 4 | J38: 5 | K38: 4 | L38: 3 | M38: 4 | N38: 8 | O38: Yes | P38: Being able to see the whole matter file in one place is why I use it all day.
A39: R0038 | B39: 46211 | C39: Employment & Labor | Lawyer - Senior | D39: US | E39: Under 2 years | F39: 2 | G39: 1 | H39: 2 | I39: 2 | J39: 2 | K39: 1 | L39: 1 | M39: 1 | N39: 1 | O39: No / unsure | Q39: I was never trained on the new version. I taught myself and I am sure I am doing it wrong.
A40: R0039 | B40: 46223 | C40: Regulatory & Trade Compliance | Paraprofessional | D40: LATAM | E40: 10+ years | F40: 4 | G40: 3 | H40: 4 | I40: 3 | J40: 5 | K40: 3 | L40: 3 | M40: 3 | N40: 6 | O40: Yes | P40: No strong opinion. | Q40: It went down for most of a day last November and nobody told us why.
A41: R0040 | B41: 46214 | C41: Legal Operations | Legal Ops - Staff | D41: US | E41: 2 to 5 years | F41: 2 | G41: 3 | H41: 4 | I41: 3 | J41: 3 | K41: 2 | L41: 2 | M41: 4 | N41: 5 | O41: Yes | P41: The paralegals have this dialed in. Follow their folder conventions and everything is easy. | Q41: Filing email is more clicks than it should be, so I do not do it.
A42: R0041 | B42: 46211 | C42: Legal Operations | Legal Ops - Staff | D42: US | E42: 5 to 10 years | F42: 5 | G42: 4 | H42: 4 | I42: 4 | J42: 3 | K42: 3 | L42: 4 | M42: 4 | N42: 7 | O42: No / unsure | P42: Version control has saved me more than once.
A43: R0042 | B43: 46214 | C43: Employment & Labor | Lawyer - Senior | D43: US | E43: 10+ years | F43: 2 | G43: 1 | H43: 2 | I43: 2 | J43: 1 | K43: 1 | L43: 2 | M43: 3 | N43: 4 | O43: No / unsure | P43: Outlook filing is the best part. One click and the email is on the matter. | Q43: The March search problem lasted three days and we had a filing deadline.
A44: R0043 | B44: 46216 | C44: Commercial & Transactions | Lawyer - Senior | D44: US | E44: 10+ years | F44: 2 | G44: 3 | H44: 2 | I44: 3 | J44: 3 | K44: 2 | L44: 1 | M44: 3 | N44: 5 | O44: No / unsure | Q44: It went down for most of a day last November and nobody told us why.
A45: R0044 | B45: 46210 | C45: Litigation & Disputes | Paraprofessional | D45: US | E45: Under 2 years | F45: 5 | G45: 3 | H45: 4 | I45: 3 | J45: 4 | K45: 3 | L45: 1 | M45: 3 | N45: 5 | O45: Yes | P45: Fine. | Q45: Singapore latency makes large documents unusable in the morning.
A46: R0045 | B46: 46212 | C46: Commercial & Transactions | Paraprofessional | D46: US | E46: 10+ years | F46: 4 | G46: 4 | H46: 4 | I46: 4 | J46: 4 | K46: 3 | L46: 4 | M46: 4 | N46: 9 | O46: Yes | P46: Version control has saved me more than once.
A47: R0046 | B47: 46214 | C47: Intellectual Property | Lawyer - Junior | D47: US | E47: 5 to 10 years | F47: 3 | G47: 3 | H47: 3 | I47: 3 | J47: 3 | K47: 3 | L47: 3 | M47: 3 | N47: 4 | O47: No / unsure | P47: Works for what I need, which is not much. | Q47: Singapore latency makes large documents unusable in the morning.
A48: R0047 | B48: 46225 | C48: Litigation & Disputes | Lawyer - Mid | D48: US | E48: 5 to 10 years | F48: 3 | G48: 3 | H48: 2 | I48: 4 | J48: 4 | K48: 3 | L48: 2 | M48: 4 | N48: 6 | O48: Yes | P48: Fine. | Q48: Painfully slow from the London office in the afternoon.
A49: R0048 | B49: 46224 | C49: Commercial & Transactions | Paraprofessional | D49: US | E49: 5 to 10 years | F49: 4 | G49: 4 | H49: 3 | I49: 4 | J49: 4 | K49: 4 | L49: 4 | M49: 4 | N49: 5 | O49: No / unsure | P49: Outlook filing is the best part. One click and the email is on the matter. | Q49: Too many places to put things. I save to my desktop and upload later, if at all.
A50: R0049 | B50: 46223 | C50: Privacy & Data Protection | Lawyer - Junior | D50: UK/Ireland | E50: 10+ years | F50: 3 | G50: 3 | H50: 2 | I50: 2 | J50: 1 | K50: 2 | L50: 2 | M50: 4 | N50: 4 | O50: Yes | Q50: Painfully slow from the London office in the afternoon.
A51: R0050 | B51: 46224 | C51: Litigation & Disputes | Lawyer - Mid | D51: US | E51: 2 to 5 years | F51: 4 | G51: 3 | H51: 4 | I51: 5 | J51: 4 | K51: 2 | L51: 2 | M51: 4 | N51: 7 | O51: No / unsure | P51: Adequate. | Q51: The mobile app logs me out constantly.
A52: R0051 | B52: 46209 | C52: Legal Operations | Legal Ops - Staff | D52: US | E52: 5 to 10 years | F52: 5 | G52: 3 | H52: 4 | I52: 3 | J52: 4 | K52: 4 | L52: 3 | M52: 3 | N52: 6 | O52: Yes | P52: Version control has saved me more than once.
A53: R0052 | B53: 46210 | C53: Corporate, Securities & Governance | Lawyer - Junior | D53: US | E53: 5 to 10 years | F53: 2 | G53: 1 | H53: 1 | I53: 3 | J53: 1 | K53: 1 | L53: 2 | M53: 2 | N53: 2 | O53: Yes | Q53: Support used to respond the same day. Now it is a week.
A54: R0053 | B54: 46215 | C54: Regulatory & Trade Compliance | Lawyer - Senior | D54: US | E54: Under 2 years | F54: 2 | G54: 3 | H54: 2 | I54: 2 | J54: 2 | K54: 3 | L54: 1 | M54: 1 | N54: 3 | O54: Yes | P54: Being able to see the whole matter file in one place is why I use it all day. | Q54: I was never trained on the new version. I taught myself and I am sure I am doing it wrong.
A55: R0054 | B55: 46212 | C55: Commercial & Transactions | Paraprofessional - Lead | D55: US | E55: 5 to 10 years | F55: 5 | G55: 4 | H55: 4 | I55: 5 | J55: 5 | K55: 3 | L55: 3 | M55: 4 | N55: 9 | O55: No / unsure | P55: The mobile app is good enough for reading on the train.
A56: R0055 | B56: 46216 | C56: Legal Operations | Legal Ops - Leadership | D56: US | E56: 10+ years | F56: 3 | G56: 5 | H56: 4 | I56: 3 | J56: 5 | K56: 4 | L56: 5 | M56: 5 | N56: 8 | O56: No / unsure | P56: Being able to see the whole matter file in one place is why I use it all day.
A57: R0056 | B57: 46227 | C57: Intellectual Property | Lawyer - Junior | D57: US | E57: Under 2 years | F57: 2 | G57: 3 | H57: 3 | I57: 1 | J57: 4 | K57: 2 | L57: 1 | M57: 4 | N57: 4 | O57: Yes | Q57: I would use it more if I knew what I was doing in it.
A58: R0057 | B58: 46216 | C58: Commercial & Transactions | Lawyer - Junior | D58: US | E58: 10+ years | F58: 4 | G58: 4 | H58: 3 | I58: 3 | J58: 3 | K58: 3 | L58: 4 | M58: 3 | N58: 7 | O58: Yes | P58: Adequate. | Q58: Nobody in Employment uses it consistently, so half the file is in email anyway.
A59: R0058 | B59: 46212 | C59: Intellectual Property | Lawyer - Mid | D59: US | E59: 2 to 5 years | F59: 5 | G59: 3 | H59: 3 | I59: 3 | J59: 3 | K59: 1 | L59: 2 | M59: 3 | N59: 5 | O59: Yes | Q59: Singapore latency makes large documents unusable in the morning.
A60: R0059 | B60: 46209 | C60: Regulatory & Trade Compliance | Lawyer - Mid | D60: UK/Ireland | E60: 5 to 10 years | F60: 3 | G60: 2 | H60: 3 | I60: 4 | J60: 2 | K60: 2 | L60: 3 | M60: 4 | N60: 5 | O60: No / unsure | Q60: Onboarding gave me a login and a link to a video. That was it.
A61: R0060 | B61: 46224 | C61: Regulatory & Trade Compliance | Lawyer - Senior | D61: US | E61: 10+ years | F61: 4 | G61: 3 | H61: 5 | I61: 4 | J61: 3 | K61: 3 | L61: 4 | M61: 3 | N61: 5 | O61: No / unsure | P61: Reliable, except for that outage in November.
A62: R0061 | B62: 46217 | C62: Legal Operations | Executive Assistant | D62: US | E62: 2 to 5 years | F62: 4 | G62: 3 | H62: 3 | I62: 4 | J62: 3 | K62: 3 | L62: 3 | M62: 3 | N62: 4 | O62: No / unsure | P62: Works for what I need, which is not much. | Q62: Nobody in Employment uses it consistently, so half the file is in email anyway.
A63: R0062 | B63: 46220 | C63: Commercial & Transactions | Lawyer - Mid | D63: US | E63: 10+ years | F63: 3 | G63: 3 | H63: 3 | I63: 3 | J63: 2 | K63: 3 | L63: 4 | M63: 5 | N63: 7 | O63: Yes | P63: No strong opinion. | Q63: Filing email is more clicks than it should be, so I do not do it.
A64: R0063 | B64: 46222 | C64: Litigation & Disputes | Paraprofessional | D64: US | E64: Under 2 years | F64: 4 | G64: 5 | H64: 2 | I64: 2 | J64: 4 | K64: 2 | L64: 2 | M64: 4 | N64: 6 | O64: Yes | P64: Works for what I need, which is not much. | Q64: Painfully slow from the London office in the afternoon.
A65: R0064 | B65: 46227 | C65: Commercial & Transactions | Lawyer - Senior | D65: US | E65: 2 to 5 years | F65: 4 | G65: 4 | H65: 3 | I65: 3 | J65: 4 | K65: 3 | L65: 2 | M65: 3 | N65: 6 | O65: No / unsure | P65: Works for what I need, which is not much. | Q65: The March search problem lasted three days and we had a filing deadline.
A66: R0065 | B66: 46225 | C66: Real Estate, Environmental & Safety | Lawyer - Junior | D66: US | E66: 5 to 10 years | F66: 2 | G66: 2 | H66: 3 | I66: 2 | J66: 2 | K66: 1 | L66: 1 | M66: 1 | N66: 2 | O66: No / unsure | Q66: Onboarding gave me a login and a link to a video. That was it.
A67: R0066 | B67: 46210 | C67: Intellectual Property | Lawyer - Junior | D67: US | E67: Under 2 years | F67: 3 | G67: 3 | H67: 2 | I67: 4 | J67: 2 | K67: 4 | L67: 2 | M67: 2 | N67: 3 | O67: No / unsure | Q67: Search is unpredictable. I usually end up asking a paralegal.
A68: R0067 | B68: 46220 | C68: Intellectual Property | Lawyer - Mid | D68: US | E68: 10+ years | F68: 4 | G68: 3 | H68: 3 | I68: 4 | J68: 4 | K68: 3 | L68: 3 | M68: 3 | N68: 7 | O68: No / unsure | P68: No strong opinion. | Q68: Support used to respond the same day. Now it is a week.
A69: R0068 | B69: 46221 | C69: Privacy & Data Protection | Lawyer - Mid | D69: UK/Ireland | E69: 5 to 10 years | F69: 4 | G69: 4 | H69: 3 | I69: 4 | J69: 3 | K69: 3 | L69: 3 | M69: 4 | N69: 6 | O69: Yes | P69: It does the job. | Q69: Onboarding gave me a login and a link to a video. That was it.
A70: R0069 | B70: 46227 | C70: Regulatory & Trade Compliance | Paraprofessional | D70: US | E70: 10+ years | F70: 4 | G70: 4 | H70: 3 | I70: 3 | J70: 4 | K70: 4 | L70: 3 | M70: 5 | N70: 5 | O70: Yes | P70: Reliable, except for that outage in November.
A71: R0070 | B71: 46214 | C71: Corporate, Securities & Governance | Lawyer - Mid | D71: US | E71: 10+ years | F71: 3 | G71: 2 | H71: 3 | I71: 3 | J71: 4 | K71: 3 | L71: 2 | M71: 3 | N71: 4 | O71: No / unsure | P71: Version control has saved me more than once. | Q71: Onboarding gave me a login and a link to a video. That was it.
A72: R0071 | B72: 46226 | C72: Commercial & Transactions | Paraprofessional | D72: US | E72: 5 to 10 years | F72: 2 | G72: 4 | H72: 3 | I72: 3 | J72: 3 | K72: 2 | L72: 3 | M72: 3 | N72: 4 | O72: No / unsure | Q72: It went down for most of a day last November and nobody told us why.
A73: R0072 | B73: 46209 | C73: Privacy & Data Protection | Lawyer - Senior | D73: US | E73: Under 2 years | F73: 3 | G73: 4 | H73: 2 | I73: 3 | J73: 3 | K73: 2 | L73: 1 | M73: 2 | N73: 6 | O73: Yes | Q73: I was never trained on the new version. I taught myself and I am sure I am doing it wrong.
A74: R0073 | B74: 46227 | C74: Office of the General Counsel | Executive Assistant | D74: US | E74: Under 2 years | F74: 4 | G74: 3 | H74: 4 | I74: 2 | J74: 3 | K74: 3 | L74: 1 | M74: 3 | N74: 7 | O74: No / unsure | Q74: I would use it more if I knew what I was doing in it.
A75: R0074 | B75: 46216 | C75: Commercial & Transactions | Paraprofessional | D75: US | E75: Under 2 years | F75: 3 | G75: 4 | H75: 3 | I75: 4 | J75: 3 | K75: 3 | L75: 2 | M75: 4 | N75: 6 | O75: No / unsure | P75: It does the job. | Q75: I would use it more if I knew what I was doing in it.
A76: R0075 | B76: 46221 | C76: Legal Operations | Legal Ops - Staff | D76: US | E76: Under 2 years | F76: 3 | G76: 3 | H76: 3 | I76: 2 | J76: 2 | K76: 2 | L76: 1 | M76: 2 | N76: 3 | O76: Yes | Q76: I would use it more if I knew what I was doing in it.
A77: R0076 | B77: 46215 | C77: Employment & Labor | Executive Assistant | D77: US | E77: Under 2 years | F77: 5 | G77: 3 | H77: 3 | I77: 3 | J77: 3 | K77: 3 | L77: 3 | M77: 4 | N77: 5 | O77: Yes | P77: Adequate. | Q77: Singapore latency makes large documents unusable in the morning.
A78: R0077 | B78: 46224 | C78: Litigation & Disputes | Paraprofessional | D78: US | E78: Under 2 years | F78: 4 | G78: 3 | H78: 4 | I78: 3 | J78: 3 | K78: 3 | L78: 3 | M78: 3 | N78: 8 | O78: Yes | P78: Adequate. | Q78: I was never trained on the new version. I taught myself and I am sure I am doing it wrong.
A79: R0078 | B79: 46210 | C79: Regulatory & Trade Compliance | Lawyer - Mid | D79: US | E79: Under 2 years | F79: 3 | G79: 3 | H79: 3 | I79: 2 | J79: 2 | K79: 2 | L79: 1 | M79: 4 | N79: 3 | O79: Yes | Q79: It went down for most of a day last November and nobody told us why.
A80: R0079 | B80: 46221 | C80: Real Estate, Environmental & Safety | Lawyer - Senior | D80: US | E80: 5 to 10 years | F80: 2 | G80: 1 | H80: 2 | I80: 1 | J80: 2 | K80: 1 | L80: 1 | M80: 3 | N80: 1 | O80: No / unsure | P80: Search is fine once you learn the filters. | Q80: Support used to respond the same day. Now it is a week.
A81: R0080 | B81: 46222 | C81: Commercial & Transactions | Paraprofessional | D81: US | E81: 2 to 5 years | F81: 4 | G81: 4 | H81: 3 | I81: 4 | J81: 4 | K81: 4 | L81: 3 | M81: 4 | N81: 6 | O81: Yes | P81: Reliable, except for that outage in November. | Q81: Search is unpredictable. I usually end up asking a paralegal.
A82: R0081 | B82: 46210 | C82: Legal Operations | Legal Ops - Staff | D82: US | E82: Under 2 years | F82: 3 | G82: 2 | H82: 1 | I82: 3 | J82: 2 | K82: 1 | L82: 1 | M82: 2 | N82: 4 | O82: Yes | Q82: Onboarding gave me a login and a link to a video. That was it.
A83: R0082 | B83: 46218 | C83: Litigation & Disputes | Lawyer - Junior | D83: US | E83: 10+ years | F83: 4 | G83: 3 | H83: 3 | I83: 3 | J83: 4 | K83: 3 | L83: 4 | M83: 3 | N83: 5 | O83: Yes | P83: No strong opinion. | Q83: Nobody in Employment uses it consistently, so half the file is in email anyway.
A84: R0083 | B84: 46224 | C84: Legal Operations | Legal Ops - Staff | D84: US | E84: 10+ years | F84: 4 | G84: 4 | H84: 3 | I84: 4 | J84: 5 | K84: 3 | L84: 3 | M84: 3 | N84: 6 | O84: Yes | P84: Compared with the shared drives we had before, this is night and day.
A85: R0084 | B85: 46214 | C85: Corporate, Securities & Governance | Paraprofessional | D85: US | E85: Under 2 years | F85: 2 | G85: 3 | H85: 3 | I85: 3 | J85: 3 | K85: 4 | L85: 1 | M85: 3 | N85: 6 | O85: No / unsure | Q85: I was never trained on the new version. I taught myself and I am sure I am doing it wrong.
A86: R0085 | B86: 46219 | C86: Commercial & Transactions | Paraprofessional | D86: US | E86: Under 2 years | F86: 4 | G86: 4 | H86: 3 | I86: 3 | J86: 5 | K86: 3 | L86: 3 | M86: 3 | N86: 7 | O86: No / unsure | P86: No strong opinion. | Q86: I was never trained on the new version. I taught myself and I am sure I am doing it wrong.
A87: R0086 | B87: 46211 | C87: Privacy & Data Protection | Lawyer - Junior | D87: UK/Ireland | E87: 10+ years | F87: 3 | G87: 4 | H87: 3 | I87: 3 | J87: 3 | K87: 2 | L87: 2 | M87: 4 | N87: 6 | O87: Yes | P87: It does the job. | Q87: Painfully slow from the London office in the afternoon.
A88: R0087 | B88: 46226 | C88: Litigation & Disputes | Executive Assistant | D88: US | E88: 5 to 10 years | F88: 5 | G88: 5 | H88: 4 | I88: 4 | J88: 5 | K88: 4 | L88: 3 | M88: 4 | N88: 8 | O88: No / unsure | P88: Sharing a workspace with outside counsel saves us hours every week. | Q88: Onboarding gave me a login and a link to a video. That was it.
A89: R0088 | B89: 46215 | C89: Regulatory & Trade Compliance | Lawyer - Senior | D89: APAC | E89: 2 to 5 years | F89: 3 | G89: 2 | H89: 2 | I89: 3 | J89: 1 | K89: 1 | L89: 3 | M89: 3 | N89: 4 | O89: No / unsure | Q89: Singapore latency makes large documents unusable in the morning.
A90: R0089 | B90: 46223 | C90: Commercial & Transactions | Lawyer - Senior | D90: US | E90: 2 to 5 years | F90: 4 | G90: 4 | H90: 4 | I90: 3 | J90: 5 | K90: 2 | L90: 3 | M90: 3 | N90: 6 | O90: Yes | P90: Adequate. | Q90: Painfully slow from the London office in the afternoon.
A91: R0090 | B91: 46213 | C91: Office of the General Counsel | Lawyer - Leadership | D91: US | E91: 10+ years | F91: 5 | G91: 2 | H91: 4 | I91: 3 | J91: 3 | K91: 3 | L91: 2 | M91: 2 | N91: 5 | O91: Yes | P91: Works for what I need, which is not much. | Q91: I still do not understand what the AI feature is supposed to do.
A92: R0091 | B92: 46227 | C92: Employment & Labor | Lawyer - Senior | D92: US | E92: Under 2 years | F92: 3 | G92: 1 | H92: 2 | I92: 2 | J92: 2 | K92: 1 | L92: 1 | M92: 2 | N92: 4 | O92: Yes | Q92: Onboarding gave me a login and a link to a video. That was it.
A93: R0092 | B93: 46211 | C93: Employment & Labor | Paraprofessional | D93: US | E93: 10+ years | F93: 3 | G93: 5 | H93: 2 | I93: 3 | J93: 3 | K93: 2 | L93: 5 | M93: 3 | N93: 6 | O93: No / unsure | P93: No strong opinion. | Q93: Painfully slow from the London office in the afternoon.
A94: R0093 | B94: 46217 | C94: Regulatory & Trade Compliance | Lawyer - Mid | D94: LATAM | E94: 10+ years | F94: 3 | G94: 3 | H94: 3 | I94: 3 | J94: 3 | K94: 3 | L94: 4 | M94: 3 | N94: 6 | O94: No / unsure | P94: No strong opinion. | Q94: Nobody in Employment uses it consistently, so half the file is in email anyway.
A95: R0094 | B95: 46210 | C95: Real Estate, Environmental & Safety | Paraprofessional | D95: US | E95: 5 to 10 years | F95: 2 | G95: 3 | H95: 3 | I95: 3 | J95: 5 | K95: 3 | L95: 2 | M95: 3 | N95: 3 | O95: No / unsure | P95: Adequate. | Q95: Onboarding gave me a login and a link to a video. That was it.
A96: R0095 | B96: 46219 | C96: Intellectual Property | Paraprofessional | D96: US | E96: 5 to 10 years | F96: 5 | G96: 4 | H96: 3 | I96: 5 | J96: 5 | K96: 3 | L96: 5 | M96: 4 | N96: 6 | O96: Yes | P96: Search is fine once you learn the filters.
A97: R0096 | B97: 46210 | C97: Corporate, Securities & Governance | Lawyer - Junior | D97: US | E97: Under 2 years | F97: 2 | G97: 2 | H97: 1 | I97: 1 | J97: 1 | K97: 2 | L97: 1 | M97: 2 | N97: 1 | O97: No / unsure | Q97: Onboarding gave me a login and a link to a video. That was it.
A98: R0097 | B98: 46211 | C98: Commercial & Transactions | Lawyer - Junior | D98: US | E98: 10+ years | F98: 3 | G98: 3 | H98: 3 | I98: 4 | J98: 4 | K98: 4 | L98: 5 | M98: 3 | N98: 7 | O98: Yes | P98: It just works. I do not think about it.
A99: R0098 | B99: 46212 | C99: Commercial & Transactions | Lawyer - Junior | D99: US | E99: 10+ years | F99: 4 | G99: 3 | H99: 2 | I99: 2 | J99: 4 | K99: 3 | L99: 5 | M99: 3 | N99: 6 | O99: Yes | P99: No strong opinion. | Q99: I would use it more if I knew what I was doing in it.
A100: R0099 | B100: 46212 | C100: Litigation & Disputes | Paraprofessional | D100: US | E100: 2 to 5 years | F100: 5 | G100: 4 | H100: 2 | I100: 3 | J100: 5 | K100: 4 | L100: 4 | M100: 4 | N100: 6 | O100: Yes | P100: Search is fine once you learn the filters.
...

Sheet Questions
A1: Column | B1: Question text | C1: Scale
A2: q1_finding_documents | B2: I can find the documents I need quickly. | C2: 1 = Strongly disagree, 5 = Strongly agree
A3: q2_outlook_filing | B3: Filing email from Outlook works well for me. | C3: 1 = Strongly disagree, 5 = Strongly agree
A4: q3_mobile_access | B4: I can get to what I need from my phone or tablet. | C4: 1 = Strongly disagree, 5 = Strongly agree
A5: q4_search_quality | B5: Search returns the right results. | C5: 1 = Strongly disagree, 5 = Strongly agree
A6: q5_speed_performance | B6: The system is fast and responsive. | C6: 1 = Strongly disagree, 5 = Strongly agree
A7: q6_support_responsiveness | B7: When I have a problem, I get help quickly. | C7: 1 = Strongly disagree, 5 = Strongly agree
A8: q7_training_adequacy | B8: I received the training I needed to use the system well. | C8: 1 = Strongly disagree, 5 = Strongly agree
A9: q8_overall_satisfaction | B9: Overall, I am satisfied with our document management system. | C9: 1 = Strongly disagree, 5 = Strongly agree
A10: recommend_0_10 | B10: How likely are you to recommend our document management system to a colleague joining the department? | C10: 0 to 10
A11: understands_insight_ai | B11: Do you understand what the Insight AI features do and when to use them? | C11: Yes / No or unsure
A12: what_works_well | B12: What works well? | C12: Free text
A13: what_is_lacking | B13: What is lacking or frustrating? | C13: Free text

Sheet By Cohort
A1: cohort_key | B1: responses | C1: q1_finding_documents | D1: q2_outlook_filing | E1: q3_mobile_access | F1: q4_search_quality | G1: q5_speed_performance | H1: q6_support_responsiveness | I1: q7_training_adequacy | J1: q8_overall_satisfaction | K1: recommend_avg
A2: Commercial & Transactions | Executive Assistant | B2: =COUNTIF(Responses!$C$2:$C$159,A2) -> 2 | C2: =IFERROR(ROUND(AVERAGEIF(Responses!$C$2:$C$159,$A2,Responses!F$2:F$159),2),"") -> 4 | D2: =IFERROR(ROUND(AVERAGEIF(Responses!$C$2:$C$159,$A2,Responses!G$2:G$159),2),"") -> 4 | E2: =IFERROR(ROUND(AVERAGEIF(Responses!$C$2:$C$159,$A2,Responses!H$2:H$159),2),"") -> 4 | F2: =IFERROR(ROUND(AVERAGEIF(Responses!$C$2:$C$159,$A2,Responses!I$2:I$159),2),"") -> 3 | G2: =IFERROR(ROUND(AVERAGEIF(Responses!$C$2:$C$159,$A2,Responses!J$2:J$159),2),"") -> 3 | H2: =IFERROR(ROUND(AVERAGEIF(Responses!$C$2:$C$159,$A2,Responses!K$2:K$159),2),"") -> 2.5 | I2: =IFERROR(ROUND(AVERAGEIF(Responses!$C$2:$C$159,$A2,Responses!L$2:L$159),2),"") -> 2 | J2: =IFERROR(ROUND(AVERAGEIF(Responses!$C$2:$C$159,$A2,Responses!M$2:M$159),2),"") -> 4.5 | K2: =IFERROR(ROUND(AVERAGEIF(Responses!$C$2:$C$159,$A2,Responses!N$2:N$159),2),"") -> 5
A3: Commercial & Transactions | Lawyer - Junior | B3: =COUNTIF(Responses!$C$2:$C$159,A3) -> 8 | C3: =IFERROR(ROUND(AVERAGEIF(Responses!$C$2:$C$159,$A3,Responses!F$2:F$159),2),"") -> 3.5 | D3: =IFERROR(ROUND(AVERAGEIF(Responses!$C$2:$C$159,$A3,Responses!G$2:G$159),2),"") -> 2.88 | E3: =IFERROR(ROUND(AVERAGEIF(Responses!$C$2:$C$159,$A3,Responses!H$2:H$159),2),"") -> 2.88 | F3: =IFERROR(ROUND(AVERAGEIF(Responses!$C$2:$C$159,$A3,Responses!I$2:I$159),2),"") -> 3 | G3: =IFERROR(ROUND(AVERAGEIF(Responses!$C$2:$C$159,$A3,Responses!J$2:J$159),2),"") -> 2.75 | H3: =IFERROR(ROUND(AVERAGEIF(Responses!$C$2:$C$159,$A3,Responses!K$2:K$159),2),"") -> 2.63 | I3: =IFERROR(ROUND(AVERAGEIF(Responses!$C$2:$C$159,$A3,Responses!L$2:L$159),2),"") -> 2.88 | J3: =IFERROR(ROUND(AVERAGEIF(Responses!$C$2:$C$159,$A3,Responses!M$2:M$159),2),"") -> 2.88 | K3: =IFERROR(ROUND(AVERAGEIF(Responses!$C$2:$C$159,$A3,Responses!N$2:N$159),2),"") -> 5.13
A4: Commercial & Transactions | Lawyer - Leadership | B4: =COUNTIF(Responses!$C$2:$C$159,A4) -> 1 | C4: =IFERROR(ROUND(AVERAGEIF(Responses!$C$2:$C$159,$A4,Responses!F$2:F$159),2),"") -> 4 | D4: =IFERROR(ROUND(AVERAGEIF(Responses!$C$2:$C$159,$A4,Responses!G$2:G$159),2),"") -> 4 | E4: =IFERROR(ROUND(AVERAGEIF(Responses!$C$2:$C$159,$A4,Responses!H$2:H$159),2),"") -> 3 | F4: =IFERROR(ROUND(AVERAGEIF(Responses!$C$2:$C$159,$A4,Responses!I$2:I$159),2),"") -> 4 | G4: =IFERROR(ROUND(AVERAGEIF(Responses!$C$2:$C$159,$A4,Responses!J$2:J$159),2),"") -> 4 | H4: =IFERROR(ROUND(AVERAGEIF(Responses!$C$2:$C$159,$A4,Responses!K$2:K$159),2),"") -> 3 | I4: =IFERROR(ROUND(AVERAGEIF(Responses!$C$2:$C$159,$A4,Responses!L$2:L$159),2),"") -> 4 | J4: =IFERROR(ROUND(AVERAGEIF(Responses!$C$2:$C$159,$A4,Responses!M$2:M$159),2),"") -> 4 | K4: =IFERROR(ROUND(AVERAGEIF(Responses!$C$2:$C$159,$A4,Responses!N$2:N$159),2),"") -> 6
A5: Commercial & Transactions | Lawyer - Mid | B5: =COUNTIF(Responses!$C$2:$C$159,A5) -> 9 | C5: =IFERROR(ROUND(AVERAGEIF(Responses!$C$2:$C$159,$A5,Responses!F$2:F$159),2),"") -> 3.11 | D5: =IFERROR(ROUND(AVERAGEIF(Responses!$C$2:$C$159,$A5,Responses!G$2:G$159),2),"") -> 3.11 | E5: =IFERROR(ROUND(AVERAGEIF(Responses!$C$2:$C$159,$A5,Responses!H$2:H$159),2),"") -> 2.78 | F5: =IFERROR(ROUND(AVERAGEIF(Responses!$C$2:$C$159,$A5,Responses!I$2:I$159),2),"") -> 3 | G5: =IFERROR(ROUND(AVERAGEIF(Responses!$C$2:$C$159,$A5,Responses!J$2:J$159),2),"") -> 3.11 | H5: =IFERROR(ROUND(AVERAGEIF(Responses!$C$2:$C$159,$A5,Responses!K$2:K$159),2),"") -> 2.89 | I5: =IFERROR(ROUND(AVERAGEIF(Responses!$C$2:$C$159,$A5,Responses!L$2:L$159),2),"") -> 2.67 | J5: =IFERROR(ROUND(AVERAGEIF(Responses!$C$2:$C$159,$A5,Responses!M$2:M$159),2),"") -> 3.33 | K5: =IFERROR(ROUND(AVERAGEIF(Responses!$C$2:$C$159,$A5,Responses!N$2:N$159),2),"") -> 6
A6: Commercial & Transactions | Lawyer - Senior | B6: =COUNTIF(Responses!$C$2:$C$159,A6) -> 5 | C6: =IFERROR(ROUND(AVERAGEIF(Responses!$C$2:$C$159,$A6,Responses!F$2:F$159),2),"") -> 3.2 | D6: =IFERROR(ROUND(AVERAGEIF(Responses!$C$2:$C$159,$A6,Responses!G$2:G$159),2),"") -> 3.4 | E6: =IFERROR(ROUND(AVERAGEIF(Responses!$C$2:$C$159,$A6,Responses!H$2:H$159),2),"") -> 3.2 | F6: =IFERROR(ROUND(AVERAGEIF(Responses!$C$2:$C$159,$A6,Responses!I$2:I$159),2),"") -> 2.8 | G6: =IFERROR(ROUND(AVERAGEIF(Responses!$C$2:$C$159,$A6,Responses!J$2:J$159),2),"") -> 3.4 | H6: =IFERROR(ROUND(AVERAGEIF(Responses!$C$2:$C$159,$A6,Responses!K$2:K$159),2),"") -> 2.8 | I6: =IFERROR(ROUND(AVERAGEIF(Responses!$C$2:$C$159,$A6,Responses!L$2:L$159),2),"") -> 2 | J6: =IFERROR(ROUND(AVERAGEIF(Responses!$C$2:$C$159,$A6,Responses!M$2:M$159),2),"") -> 2.8 | K6: =IFERROR(ROUND(AVERAGEIF(Responses!$C$2:$C$159,$A6,Responses!N$2:N$159),2),"") -> 4.8
A7: Commercial & Transactions | Paraprofessional | B7: =COUNTIF(Responses!$C$2:$C$159,A7) -> 11 | C7: =IFERROR(ROUND(AVERAGEIF(Responses!$C$2:$C$159,$A7,Responses!F$2:F$159),2),"") -> 3.73 | D7: =IFERROR(ROUND(AVERAGEIF(Responses!$C$2:$C$159,$A7,Responses!G$2:G$159),2),"") -> 4.09 | E7: =IFERROR(ROUND(AVERAGEIF(Responses!$C$2:$C$159,$A7,Responses!H$2:H$159),2),"") -> 3.36 | F7: =IFERROR(ROUND(AVERAGEIF(Responses!$C$2:$C$159,$A7,Responses!I$2:I$159),2),"") -> 3.64 | G7: =IFERROR(ROUND(AVERAGEIF(Responses!$C$2:$C$159,$A7,Responses!J$2:J$159),2),"") -> 3.73 | H7: =IFERROR(ROUND(AVERAGEIF(Responses!$C$2:$C$159,$A7,Responses!K$2:K$159),2),"") -> 3.36 | I7: =IFERROR(ROUND(AVERAGEIF(Responses!$C$2:$C$159,$A7,Responses!L$2:L$159),2),"") -> 3.36 | J7: =IFERROR(ROUND(AVERAGEIF(Responses!$C$2:$C$159,$A7,Responses!M$2:M$159),2),"") -> 3.91 | K7: =IFERROR(ROUND(AVERAGEIF(Responses!$C$2:$C$159,$A7,Responses!N$2:N$159),2),"") -> 6.73
A8: Commercial & Transactions | Paraprofessional - Lead | B8: =COUNTIF(Responses!$C$2:$C$159,A8) -> 1 | C8: =IFERROR(ROUND(AVERAGEIF(Responses!$C$2:$C$159,$A8,Responses!F$2:F$159),2),"") -> 5 | D8: =IFERROR(ROUND(AVERAGEIF(Responses!$C$2:$C$159,$A8,Responses!G$2:G$159),2),"") -> 4 | E8: =IFERROR(ROUND(AVERAGEIF(Responses!$C$2:$C$159,$A8,Responses!H$2:H$159),2),"") -> 4 | F8: =IFERROR(ROUND(AVERAGEIF(Responses!$C$2:$C$159,$A8,Responses!I$2:I$159),2),"") -> 5 | G8: =IFERROR(ROUND(AVERAGEIF(Responses!$C$2:$C$159,$A8,Responses!J$2:J$159),2),"") -> 5 | H8: =IFERROR(ROUND(AVERAGEIF(Responses!$C$2:$C$159,$A8,Responses!K$2:K$159),2),"") -> 3 | I8: =IFERROR(ROUND(AVERAGEIF(Responses!$C$2:$C$159,$A8,Responses!L$2:L$159),2),"") -> 3 | J8: =IFERROR(ROUND(AVERAGEIF(Responses!$C$2:$C$159,$A8,Responses!M$2:M$159),2),"") -> 4 | K8: =IFERROR(ROUND(AVERAGEIF(Responses!$C$2:$C$159,$A8,Responses!N$2:N$159),2),"") -> 9
A9: Corporate, Securities & Governance | Executive Assistant | B9: =COUNTIF(Responses!$C$2:$C$159,A9) -> 1 | C9: =IFERROR(ROUND(AVERAGEIF(Responses!$C$2:$C$159,$A9,Responses!F$2:F$159),2),"") -> 5 | D9: =IFERROR(ROUND(AVERAGEIF(Responses!$C$2:$C$159,$A9,Responses!G$2:G$159),2),"") -> 4 | E9: =IFERROR(ROUND(AVERAGEIF(Responses!$C$2:$C$159,$A9,Responses!H$2:H$159),2),"") -> 4 | F9: =IFERROR(ROUND(AVERAGEIF(Responses!$C$2:$C$159,$A9,Responses!I$2:I$159),2),"") -> 3 | G9: =IFERROR(ROUND(AVERAGEIF(Responses!$C$2:$C$159,$A9,Responses!J$2:J$159),2),"") -> 3 | H9: =IFERROR(ROUND(AVERAGEIF(Responses!$C$2:$C$159,$A9,Responses!K$2:K$159),2),"") -> 4 | I9: =IFERROR(ROUND(AVERAGEIF(Responses!$C$2:$C$159,$A9,Responses!L$2:L$159),2),"") -> 4 | J9: =IFERROR(ROUND(AVERAGEIF(Responses!$C$2:$C$159,$A9,Responses!M$2:M$159),2),"") -> 4 | K9: =IFERROR(ROUND(AVERAGEIF(Responses!$C$2:$C$159,$A9,Responses!N$2:N$159),2),"") -> 7
A10: Corporate, Securities & Governance | Lawyer - Junior | B10: =COUNTIF(Responses!$C$2:$C$159,A10) -> 4 | C10: =IFERROR(ROUND(AVERAGEIF(Responses!$C$2:$C$159,$A10,Responses!F$2:F$159),2),"") -> 2.25 | D10: =IFERROR(ROUND(AVERAGEIF(Responses!$C$2:$C$159,$A10,Responses!G$2:G$159),2),"") -> 2 | E10: =IFERROR(ROUND(AVERAGEIF(Responses!$C$2:$C$159,$A10,Responses!H$2:H$159),2),"") -> 1.25 | F10: =IFERROR(ROUND(AVERAGEIF(Responses!$C$2:$C$159,$A10,Responses!I$2:I$159),2),"") -> 2.25 | G10: =IFERROR(ROUND(AVERAGEIF(Responses!$C$2:$C$159,$A10,Responses!J$2:J$159),2),"") -> 2 | H10: =IFERROR(ROUND(AVERAGEIF(Responses!$C$2:$C$159,$A10,Responses!K$2:K$159),2),"") -> 1.25 | I10: =IFERROR(ROUND(AVERAGEIF(Responses!$C$2:$C$159,$A10,Responses!L$2:L$159),2),"") -> 1.25 | J10: =IFERROR(ROUND(AVERAGEIF(Responses!$C$2:$C$159,$A10,Responses!M$2:M$159),2),"") -> 2 | K10: =IFERROR(ROUND(AVERAGEIF(Responses!$C$2:$C$159,$A10,Responses!N$2:N$159),2),"") -> 2
A11: Corporate, Securities & Governance | Lawyer - Mid | B11: =COUNTIF(Responses!$C$2:$C$159,A11) -> 4 | C11: =IFERROR(ROUND(AVERAGEIF(Responses!$C$2:$C$159,$A11,Responses!F$2:F$159),2),"") -> 2.25 | D11: =IFERROR(ROUND(AVERAGEIF(Responses!$C$2:$C$159,$A11,Responses!G$2:G$159),2),"") -> 1.75 | E11: =IFERROR(ROUND(AVERAGEIF(Responses!$C$2:$C$159,$A11,Responses!H$2:H$159),2),"") -> 2.5 | F11: =IFERROR(ROUND(AVERAGEIF(Responses!$C$2:$C$159,$A11,Responses!I$2:I$159),2),"") -> 2 | G11: =IFERROR(ROUND(AVERAGEIF(Responses!$C$2:$C$159,$A11,Responses!J$2:J$159),2),"") -> 2.5 | H11: =IFERROR(ROUND(AVERAGEIF(Responses!$C$2:$C$159,$A11,Responses!K$2:K$159),2),"") -> 3 | I11: =IFERROR(ROUND(AVERAGEIF(Responses!$C$2:$C$159,$A11,Responses!L$2:L$159),2),"") -> 1.5 | J11: =IFERROR(ROUND(AVERAGEIF(Responses!$C$2:$C$159,$A11,Responses!M$2:M$159),2),"") -> 2 | K11: =IFERROR(ROUND(AVERAGEIF(Responses!$C$2:$C$159,$A11,Responses!N$2:N$159),2),"") -> 3
A12: Corporate, Securities & Governance | Lawyer - Senior | B12: =COUNTIF(Responses!$C$2:$C$159,A12) -> 1 | C12: =IFERROR(ROUND(AVERAGEIF(Responses!$C$2:$C$159,$A12,Responses!F$2:F$159),2),"") -> 2 | D12: =IFERROR(ROUND(AVERAGEIF(Responses!$C$2:$C$159,$A12,Responses!G$2:G$159),2),"") -> 3 | E12: =IFERROR(ROUND(AVERAGEIF(Responses!$C$2:$C$159,$A12,Responses!H$2:H$159),2),"") -> 3 | F12: =IFERROR(ROUND(AVERAGEIF(Responses!$C$2:$C$159,$A12,Responses!I$2:I$159),2),"") -> 3 | G12: =IFERROR(ROUND(AVERAGEIF(Responses!$C$2:$C$159,$A12,Responses!J$2:J$159),2),"") -> 3 | H12: =IFERROR(ROUND(AVERAGEIF(Responses!$C$2:$C$159,$A12,Responses!K$2:K$159),2),"") -> 2 | I12: =IFERROR(ROUND(AVERAGEIF(Responses!$C$2:$C$159,$A12,Responses!L$2:L$159),2),"") -> 4 | J12: =IFERROR(ROUND(AVERAGEIF(Responses!$C$2:$C$159,$A12,Responses!M$2:M$159),2),"") -> 3 | K12: =IFERROR(ROUND(AVERAGEIF(Responses!$C$2:$C$159,$A12,Responses!N$2:N$159),2),"") -> 4
A13: Corporate, Securities & Governance | Paraprofessional | B13: =COUNTIF(Responses!$C$2:$C$159,A13) -> 2 | C13: =IFERROR(ROUND(AVERAGEIF(Responses!$C$2:$C$159,$A13,Responses!F$2:F$159),2),"") -> 2.5 | D13: =IFERROR(ROUND(AVERAGEIF(Responses!$C$2:$C$159,$A13,Responses!G$2:G$159),2),"") -> 3.5 | E13: =IFERROR(ROUND(AVERAGEIF(Responses!$C$2:$C$159,$A13,Responses!H$2:H$159),2),"") -> 3 | F13: =IFERROR(ROUND(AVERAGEIF(Responses!$C$2:$C$159,$A13,Responses!I$2:I$159),2),"") -> 2.5 | G13: =IFERROR(ROUND(AVERAGEIF(Responses!$C$2:$C$159,$A13,Responses!J$2:J$159),2),"") -> 3 | H13: =IFERROR(ROUND(AVERAGEIF(Responses!$C$2:$C$159,$A13,Responses!K$2:K$159),2),"") -> 2.5 | I13: =IFERROR(ROUND(AVERAGEIF(Responses!$C$2:$C$159,$A13,Responses!L$2:L$159),2),"") -> 1 | J13: =IFERROR(ROUND(AVERAGEIF(Responses!$C$2:$C$159,$A13,Responses!M$2:M$159),2),"") -> 3 | K13: =IFERROR(ROUND(AVERAGEIF(Responses!$C$2:$C$159,$A13,Responses!N$2:N$159),2),"") -> 5
... A47: Regulatory & Trade Compliance | Paraprofessional | B47: =COUNTIF(Responses!$C$2:$C$159,A47) -> 4 | C47: =IFERROR(ROUND(AVERAGEIF(Responses!$C$2:$C$159,$A47,Responses!F$2:F$159),2),"") -> 3.75 | D47: =IFERROR(ROUND(AVERAGEIF(Responses!$C$2:$C$159,$A47,Responses!G$2:G$159),2),"") -> 3.25 | E47: =IFERROR(ROUND(AVERAGEIF(Responses!$C$2:$C$159,$A47,Responses!H$2:H$159),2),"") -> 3.25 | F47: =IFERROR(ROUND(AVERAGEIF(Responses!$C$2:$C$159,$A47,Responses!I$2:I$159),2),"") -> 2.75 | G47: =IFERROR(ROUND(AVERAGEIF(Responses!$C$2:$C$159,$A47,Responses!J$2:J$159),2),"") -> 4 | H47: =IFERROR(ROUND(AVERAGEIF(Responses!$C$2:$C$159,$A47,Responses!K$2:K$159),2),"") -> 3.5 | I47: =IFERROR(ROUND(AVERAGEIF(Responses!$C$2:$C$159,$A47,Responses!L$2:L$159),2),"") -> 2.75 | J47: =IFERROR(ROUND(AVERAGEIF(Responses!$C$2:$C$159,$A47,Responses!M$2:M$159),2),"") -> 3.75 | K47: =IFERROR(ROUND(AVERAGEIF(Responses!$C$2:$C$159,$A47,Responses!N$2:N$159),2),"") -> 5.5

Sheet Survey Notes
A1: Item | B1: Note
A2: Instrument | B2: Legal Technology Pulse Survey, July 2026. Fielded 6 to 24 July 2026 by Legal Operations with the Training & Enablement Lead. 230 invited, 158 responded (69%).
A3: Anonymity | B3: Responses are anonymous. Each response carries cohort_key (practice group and level band), region, and tenure band so results can be compared with usage and training data at cohort level. No individual identifiers were collected.
A4: Cohort key | B4: Matches the roster's practice_group | level_band and therefore rolls up to the same cohorts as the usage telemetry and LMS export.
A5: Caveat | B5: Cohorts with fewer than 5 responses should be read with care.
